file,line,type,commit,author,date,time,timezone,datetime,depth,length
style.css,1,css,b452fbe6,dsmfeg,2026-04-11,20:37:06,-07:00,2026-04-11T20:37:06-07:00,0,5
style.css,2,css,b452fbe6,dsmfeg,2026-04-11,20:37:06,-07:00,2026-04-11T20:37:06-07:00,1,22
style.css,3,css,bc224a01,dsmfeg,2026-04-18,21:53:01,-07:00,2026-04-18T21:53:01-07:00,1,23
style.css,4,css,b452fbe6,dsmfeg,2026-04-11,20:37:06,-07:00,2026-04-11T20:37:06-07:00,0,0
style.css,5,css,b452fbe6,dsmfeg,2026-04-11,20:37:06,-07:00,2026-04-11T20:37:06-07:00,0,0
style.css,6,css,9d8cdaf3,dsmfeg,2026-04-03,23:06:43,-07:00,2026-04-03T23:06:43-07:00,0,4
style.css,7,css,9d8cdaf3,dsmfeg,2026-04-03,23:06:43,-07:00,2026-04-03T23:06:43-07:00,1,23
style.css,8,css,b452fbe6,dsmfeg,2026-04-11,20:37:06,-07:00,2026-04-11T20:37:06-07:00,1,15
style.css,9,css,b452fbe6,dsmfeg,2026-04-11,20:37:06,-07:00,2026-04-11T20:37:06-07:00,1,18
style.css,10,css,b452fbe6,dsmfeg,2026-04-11,20:37:06,-07:00,2026-04-11T20:37:06-07:00,1,12
style.css,11,css,b452fbe6,dsmfeg,2026-04-11,20:37:06,-07:00,2026-04-11T20:37:06-07:00,0,0
style.css,12,css,b452fbe6,dsmfeg,2026-04-11,20:37:06,-07:00,2026-04-11T20:37:06-07:00,0,0
style.css,13,css,b452fbe6,dsmfeg,2026-04-11,20:37:06,-07:00,2026-04-11T20:37:06-07:00,0,3
style.css,14,css,b452fbe6,dsmfeg,2026-04-11,20:37:06,-07:00,2026-04-11T20:37:06-07:00,1,12
style.css,15,css,b452fbe6,dsmfeg,2026-04-11,20:37:06,-07:00,2026-04-11T20:37:06-07:00,1,17
style.css,16,css,00000000,Not Committed Yet,2026-05-22,21:07:07,-07:00,2026-05-22T21:07:07-07:00,1,48
style.css,17,css,b452fbe6,dsmfeg,2026-04-11,20:37:06,-07:00,2026-04-11T20:37:06-07:00,0,0
style.css,18,css,bc224a01,dsmfeg,2026-04-18,21:53:01,-07:00,2026-04-18T21:53:01-07:00,1,1
style.css,19,css,bc224a01,dsmfeg,2026-04-18,21:53:01,-07:00,2026-04-18T21:53:01-07:00,2,13
style.css,20,css,bc224a01,dsmfeg,2026-04-18,21:53:01,-07:00,2026-04-18T21:53:01-07:00,2,17
style.css,21,css,bc224a01,dsmfeg,2026-04-18,21:53:01,-07:00,2026-04-18T21:53:01-07:00,2,13
style.css,22,css,bc224a01,dsmfeg,2026-04-18,21:53:01,-07:00,2026-04-18T21:53:01-07:00,2,20
style.css,23,css,bc224a01,dsmfeg,2026-04-18,21:53:01,-07:00,2026-04-18T21:53:01-07:00,2,6
style.css,24,css,ced6f1aa,dsmfeg,2026-04-11,20:51:21,-07:00,2026-04-11T20:51:21-07:00,1,0
style.css,25,css,b452fbe6,dsmfeg,2026-04-11,20:37:06,-07:00,2026-04-11T20:37:06-07:00,0,0
style.css,26,css,b452fbe6,dsmfeg,2026-04-11,20:37:06,-07:00,2026-04-11T20:37:06-07:00,0,0
style.css,27,css,00000000,Not Committed Yet,2026-05-22,21:07:07,-07:00,2026-05-22T21:07:07-07:00,0,8
style.css,28,css,00000000,Not Committed Yet,2026-05-22,21:07:07,-07:00,2026-05-22T21:07:07-07:00,1,50
style.css,29,css,b452fbe6,dsmfeg,2026-04-11,20:37:06,-07:00,2026-04-11T20:37:06-07:00,1,18
style.css,30,css,b452fbe6,dsmfeg,2026-04-11,20:37:06,-07:00,2026-04-11T20:37:06-07:00,0,0
style.css,31,css,b452fbe6,dsmfeg,2026-04-11,20:37:06,-07:00,2026-04-11T20:37:06-07:00,0,0
style.css,32,css,00000000,Not Committed Yet,2026-05-22,21:07:07,-07:00,2026-05-22T21:07:07-07:00,0,7
style.css,33,css,00000000,Not Committed Yet,2026-05-22,21:07:07,-07:00,2026-05-22T21:07:07-07:00,1,45
style.css,34,css,b452fbe6,dsmfeg,2026-04-11,20:37:06,-07:00,2026-04-11T20:37:06-07:00,1,18
style.css,35,css,bc224a01,dsmfeg,2026-04-18,21:53:01,-07:00,2026-04-18T21:53:01-07:00,1,69
style.css,36,css,b452fbe6,dsmfeg,2026-04-11,20:37:06,-07:00,2026-04-11T20:37:06-07:00,0,0
style.css,37,css,b452fbe6,dsmfeg,2026-04-11,20:37:06,-07:00,2026-04-11T20:37:06-07:00,0,0
style.css,38,css,b452fbe6,dsmfeg,2026-04-11,20:37:06,-07:00,2026-04-11T20:37:06-07:00,0,4
style.css,39,css,b452fbe6,dsmfeg,2026-04-11,20:37:06,-07:00,2026-04-11T20:37:06-07:00,1,12
style.css,40,css,00000000,Not Committed Yet,2026-05-22,21:07:07,-07:00,2026-05-22T21:07:07-07:00,1,12
style.css,41,css,b452fbe6,dsmfeg,2026-04-11,20:37:06,-07:00,2026-04-11T20:37:06-07:00,1,30
style.css,42,css,b452fbe6,dsmfeg,2026-04-11,20:37:06,-07:00,2026-04-11T20:37:06-07:00,1,7
style.css,43,css,b452fbe6,dsmfeg,2026-04-11,20:37:06,-07:00,2026-04-11T20:37:06-07:00,0,0
style.css,44,css,00000000,Not Committed Yet,2026-05-22,21:07:07,-07:00,2026-05-22T21:07:07-07:00,1,5
style.css,45,css,ced6f1aa,dsmfeg,2026-04-11,20:51:21,-07:00,2026-04-11T20:51:21-07:00,2,12
style.css,46,css,ced6f1aa,dsmfeg,2026-04-11,20:51:21,-07:00,2026-04-11T20:51:21-07:00,2,29
style.css,47,css,ced6f1aa,dsmfeg,2026-04-11,20:51:21,-07:00,2026-04-11T20:51:21-07:00,2,18
style.css,48,css,ced6f1aa,dsmfeg,2026-04-11,20:51:21,-07:00,2026-04-11T20:51:21-07:00,1,0
style.css,49,css,b452fbe6,dsmfeg,2026-04-11,20:37:06,-07:00,2026-04-11T20:37:06-07:00,0,0
style.css,50,css,b452fbe6,dsmfeg,2026-04-11,20:37:06,-07:00,2026-04-11T20:37:06-07:00,0,0
style.css,51,css,00000000,Not Committed Yet,2026-05-22,21:07:07,-07:00,2026-05-22T21:07:07-07:00,0,66
style.css,52,css,00000000,Not Committed Yet,2026-05-22,21:07:07,-07:00,2026-05-22T21:07:07-07:00,0,0
style.css,53,css,00000000,Not Committed Yet,2026-05-22,21:07:07,-07:00,2026-05-22T21:07:07-07:00,0,9
style.css,54,css,b452fbe6,dsmfeg,2026-04-11,20:37:06,-07:00,2026-04-11T20:37:06-07:00,1,12
style.css,55,css,b452fbe6,dsmfeg,2026-04-11,20:37:06,-07:00,2026-04-11T20:37:06-07:00,1,58
style.css,56,css,ced6f1aa,dsmfeg,2026-04-11,20:51:21,-07:00,2026-04-11T20:51:21-07:00,0,0
style.css,57,css,00000000,Not Committed Yet,2026-05-22,21:07:07,-07:00,2026-05-22T21:07:07-07:00,1,7
style.css,58,css,ced6f1aa,dsmfeg,2026-04-11,20:51:21,-07:00,2026-04-11T20:51:21-07:00,2,26
style.css,59,css,ced6f1aa,dsmfeg,2026-04-11,20:51:21,-07:00,2026-04-11T20:51:21-07:00,2,15
style.css,60,css,ced6f1aa,dsmfeg,2026-04-11,20:51:21,-07:00,2026-04-11T20:51:21-07:00,2,7
style.css,61,css,ced6f1aa,dsmfeg,2026-04-11,20:51:21,-07:00,2026-04-11T20:51:21-07:00,2,15
style.css,62,css,ced6f1aa,dsmfeg,2026-04-11,20:51:21,-07:00,2026-04-11T20:51:21-07:00,2,16
style.css,63,css,ced6f1aa,dsmfeg,2026-04-11,20:51:21,-07:00,2026-04-11T20:51:21-07:00,1,0
style.css,64,css,ced6f1aa,dsmfeg,2026-04-11,20:51:21,-07:00,2026-04-11T20:51:21-07:00,0,0
style.css,65,css,00000000,Not Committed Yet,2026-05-22,21:07:07,-07:00,2026-05-22T21:07:07-07:00,1,15
style.css,66,css,00000000,Not Committed Yet,2026-05-22,21:07:07,-07:00,2026-05-22T21:07:07-07:00,0,0
style.css,67,css,a1908b6d,dsmfeg,2026-04-25,22:01:13,-07:00,2026-04-25T22:01:13-07:00,1,3
style.css,68,css,a1908b6d,dsmfeg,2026-04-25,22:01:13,-07:00,2026-04-25T22:01:13-07:00,2,11
style.css,69,css,a1908b6d,dsmfeg,2026-04-25,22:01:13,-07:00,2026-04-25T22:01:13-07:00,2,12
style.css,70,css,a1908b6d,dsmfeg,2026-04-25,22:01:13,-07:00,2026-04-25T22:01:13-07:00,2,16
style.css,71,css,a1908b6d,dsmfeg,2026-04-25,22:01:13,-07:00,2026-04-25T22:01:13-07:00,1,0
style.css,72,css,b452fbe6,dsmfeg,2026-04-11,20:37:06,-07:00,2026-04-11T20:37:06-07:00,0,0
style.css,73,css,b452fbe6,dsmfeg,2026-04-11,20:37:06,-07:00,2026-04-11T20:37:06-07:00,0,0
style.css,74,css,00000000,Not Committed Yet,2026-05-22,21:07:07,-07:00,2026-05-22T21:07:07-07:00,0,13
style.css,75,css,00000000,Not Committed Yet,2026-05-22,21:07:07,-07:00,2026-05-22T21:07:07-07:00,1,16
style.css,76,css,00000000,Not Committed Yet,2026-05-22,21:07:07,-07:00,2026-05-22T21:07:07-07:00,1,21
style.css,77,css,bc224a01,dsmfeg,2026-04-18,21:53:01,-07:00,2026-04-18T21:53:01-07:00,0,0
style.css,78,css,bc224a01,dsmfeg,2026-04-18,21:53:01,-07:00,2026-04-18T21:53:01-07:00,0,0
style.css,79,css,00000000,Not Committed Yet,2026-05-22,21:07:07,-07:00,2026-05-22T21:07:07-07:00,0,66
style.css,80,css,00000000,Not Committed Yet,2026-05-22,21:07:07,-07:00,2026-05-22T21:07:07-07:00,0,0
style.css,81,css,00000000,Not Committed Yet,2026-05-22,21:07:07,-07:00,2026-05-22T21:07:07-07:00,0,30
style.css,82,css,00000000,Not Committed Yet,2026-05-22,21:07:07,-07:00,2026-05-22T21:07:07-07:00,0,0
style.css,83,css,00000000,Not Committed Yet,2026-05-22,21:07:07,-07:00,2026-05-22T21:07:07-07:00,0,66
style.css,84,css,00000000,Not Committed Yet,2026-05-22,21:07:07,-07:00,2026-05-22T21:07:07-07:00,0,0
style.css,85,css,00000000,Not Committed Yet,2026-05-22,21:07:07,-07:00,2026-05-22T21:07:07-07:00,0,13
style.css,86,css,bc224a01,dsmfeg,2026-04-18,21:53:01,-07:00,2026-04-18T21:53:01-07:00,1,17
style.css,87,css,bc224a01,dsmfeg,2026-04-18,21:53:01,-07:00,2026-04-18T21:53:01-07:00,1,8
style.css,88,css,bc224a01,dsmfeg,2026-04-18,21:53:01,-07:00,2026-04-18T21:53:01-07:00,1,13
style.css,89,css,f806443c,dsmfeg,2026-05-01,23:41:19,-07:00,2026-05-01T23:41:19-07:00,0,0
style.css,90,css,f806443c,dsmfeg,2026-05-01,23:41:19,-07:00,2026-05-01T23:41:19-07:00,0,0
style.css,91,css,00000000,Not Committed Yet,2026-05-22,21:07:07,-07:00,2026-05-22T21:07:07-07:00,0,66
style.css,92,css,00000000,Not Committed Yet,2026-05-22,21:07:07,-07:00,2026-05-22T21:07:07-07:00,0,0
style.css,93,css,f806443c,dsmfeg,2026-05-01,23:41:19,-07:00,2026-05-01T23:41:19-07:00,0,18
style.css,94,css,f806443c,dsmfeg,2026-05-01,23:41:19,-07:00,2026-05-01T23:41:19-07:00,1,14
style.css,95,css,f806443c,dsmfeg,2026-05-01,23:41:19,-07:00,2026-05-01T23:41:19-07:00,1,16
style.css,96,css,f806443c,dsmfeg,2026-05-01,23:41:19,-07:00,2026-05-01T23:41:19-07:00,1,16
style.css,97,css,f806443c,dsmfeg,2026-05-01,23:41:19,-07:00,2026-05-01T23:41:19-07:00,0,0
style.css,98,css,f806443c,dsmfeg,2026-05-01,23:41:19,-07:00,2026-05-01T23:41:19-07:00,0,0
style.css,99,css,f806443c,dsmfeg,2026-05-01,23:41:19,-07:00,2026-05-01T23:41:19-07:00,0,10
style.css,100,css,f806443c,dsmfeg,2026-05-01,23:41:19,-07:00,2026-05-01T23:41:19-07:00,1,12
style.css,101,css,f806443c,dsmfeg,2026-05-01,23:41:19,-07:00,2026-05-01T23:41:19-07:00,1,18
style.css,102,css,f806443c,dsmfeg,2026-05-01,23:41:19,-07:00,2026-05-01T23:41:19-07:00,1,7
style.css,103,css,f806443c,dsmfeg,2026-05-01,23:41:19,-07:00,2026-05-01T23:41:19-07:00,0,0
style.css,104,css,f806443c,dsmfeg,2026-05-01,23:41:19,-07:00,2026-05-01T23:41:19-07:00,0,0
style.css,105,css,f806443c,dsmfeg,2026-05-01,23:41:19,-07:00,2026-05-01T23:41:19-07:00,0,7
style.css,106,css,f806443c,dsmfeg,2026-05-01,23:41:19,-07:00,2026-05-01T23:41:19-07:00,1,6
style.css,107,css,f806443c,dsmfeg,2026-05-01,23:41:19,-07:00,2026-05-01T23:41:19-07:00,1,12
style.css,108,css,f806443c,dsmfeg,2026-05-01,23:41:19,-07:00,2026-05-01T23:41:19-07:00,1,57
style.css,109,css,f806443c,dsmfeg,2026-05-01,23:41:19,-07:00,2026-05-01T23:41:19-07:00,1,57
style.css,110,css,f806443c,dsmfeg,2026-05-01,23:41:19,-07:00,2026-05-01T23:41:19-07:00,1,57
style.css,111,css,f806443c,dsmfeg,2026-05-01,23:41:19,-07:00,2026-05-01T23:41:19-07:00,0,0
style.css,112,css,f806443c,dsmfeg,2026-05-01,23:41:19,-07:00,2026-05-01T23:41:19-07:00,0,0
style.css,113,css,f806443c,dsmfeg,2026-05-01,23:41:19,-07:00,2026-05-01T23:41:19-07:00,0,10
style.css,114,css,f806443c,dsmfeg,2026-05-01,23:41:19,-07:00,2026-05-01T23:41:19-07:00,1,12
style.css,115,css,f806443c,dsmfeg,2026-05-01,23:41:19,-07:00,2026-05-01T23:41:19-07:00,1,18
style.css,116,css,f806443c,dsmfeg,2026-05-01,23:41:19,-07:00,2026-05-01T23:41:19-07:00,1,9
style.css,117,css,f806443c,dsmfeg,2026-05-01,23:41:19,-07:00,2026-05-01T23:41:19-07:00,1,13
style.css,118,css,f806443c,dsmfeg,2026-05-01,23:41:19,-07:00,2026-05-01T23:41:19-07:00,0,0
style.css,119,css,f806443c,dsmfeg,2026-05-01,23:41:19,-07:00,2026-05-01T23:41:19-07:00,0,0
style.css,120,css,f806443c,dsmfeg,2026-05-01,23:41:19,-07:00,2026-05-01T23:41:19-07:00,0,7
style.css,121,css,f806443c,dsmfeg,2026-05-01,23:41:19,-07:00,2026-05-01T23:41:19-07:00,1,9
style.css,122,css,f806443c,dsmfeg,2026-05-01,23:41:19,-07:00,2026-05-01T23:41:19-07:00,1,18
style.css,123,css,f806443c,dsmfeg,2026-05-01,23:41:19,-07:00,2026-05-01T23:41:19-07:00,1,29
style.css,124,css,f806443c,dsmfeg,2026-05-01,23:41:19,-07:00,2026-05-01T23:41:19-07:00,1,17
style.css,125,css,f806443c,dsmfeg,2026-05-01,23:41:19,-07:00,2026-05-01T23:41:19-07:00,1,20
style.css,126,css,f806443c,dsmfeg,2026-05-01,23:41:19,-07:00,2026-05-01T23:41:19-07:00,0,0
style.css,127,css,f806443c,dsmfeg,2026-05-01,23:41:19,-07:00,2026-05-01T23:41:19-07:00,0,0
style.css,128,css,f806443c,dsmfeg,2026-05-01,23:41:19,-07:00,2026-05-01T23:41:19-07:00,0,4
style.css,129,css,f806443c,dsmfeg,2026-05-01,23:41:19,-07:00,2026-05-01T23:41:19-07:00,1,14
style.css,130,css,f806443c,dsmfeg,2026-05-01,23:41:19,-07:00,2026-05-01T23:41:19-07:00,1,16
style.css,131,css,f806443c,dsmfeg,2026-05-01,23:41:19,-07:00,2026-05-01T23:41:19-07:00,0,0
style.css,132,css,f806443c,dsmfeg,2026-05-01,23:41:19,-07:00,2026-05-01T23:41:19-07:00,0,0
style.css,133,css,00000000,Not Committed Yet,2026-05-22,21:07:07,-07:00,2026-05-22T21:07:07-07:00,0,52
style.css,134,css,f806443c,dsmfeg,2026-05-01,23:41:19,-07:00,2026-05-01T23:41:19-07:00,0,0
style.css,135,css,f806443c,dsmfeg,2026-05-01,23:41:19,-07:00,2026-05-01T23:41:19-07:00,0,9
style.css,136,css,f806443c,dsmfeg,2026-05-01,23:41:19,-07:00,2026-05-01T23:41:19-07:00,1,35
style.css,137,css,00000000,Not Committed Yet,2026-05-22,21:07:07,-07:00,2026-05-22T21:07:07-07:00,1,32
style.css,138,css,00000000,Not Committed Yet,2026-05-22,21:07:07,-07:00,2026-05-22T21:07:07-07:00,0,0
style.css,139,css,00000000,Not Committed Yet,2026-05-22,21:07:07,-07:00,2026-05-22T21:07:07-07:00,0,0
style.css,140,css,00000000,Not Committed Yet,2026-05-22,21:07:07,-07:00,2026-05-22T21:07:07-07:00,0,66
style.css,141,css,00000000,Not Committed Yet,2026-05-22,21:07:07,-07:00,2026-05-22T21:07:07-07:00,0,0
style.css,142,css,00000000,Not Committed Yet,2026-05-22,21:07:07,-07:00,2026-05-22T21:07:07-07:00,0,12
style.css,143,css,00000000,Not Committed Yet,2026-05-22,21:07:07,-07:00,2026-05-22T21:07:07-07:00,0,8
style.css,144,css,00000000,Not Committed Yet,2026-05-22,21:07:07,-07:00,2026-05-22T21:07:07-07:00,1,12
style.css,145,css,00000000,Not Committed Yet,2026-05-22,21:07:07,-07:00,2026-05-22T21:07:07-07:00,1,30
style.css,146,css,00000000,Not Committed Yet,2026-05-22,21:07:07,-07:00,2026-05-22T21:07:07-07:00,1,14
style.css,147,css,00000000,Not Committed Yet,2026-05-22,21:07:07,-07:00,2026-05-22T21:07:07-07:00,1,16
style.css,148,css,00000000,Not Committed Yet,2026-05-22,21:07:07,-07:00,2026-05-22T21:07:07-07:00,0,0
style.css,149,css,00000000,Not Committed Yet,2026-05-22,21:07:07,-07:00,2026-05-22T21:07:07-07:00,1,2
style.css,150,css,00000000,Not Committed Yet,2026-05-22,21:07:07,-07:00,2026-05-22T21:07:07-07:00,2,16
style.css,151,css,00000000,Not Committed Yet,2026-05-22,21:07:07,-07:00,2026-05-22T21:07:07-07:00,2,21
style.css,152,css,00000000,Not Committed Yet,2026-05-22,21:07:07,-07:00,2026-05-22T21:07:07-07:00,2,16
style.css,153,css,00000000,Not Committed Yet,2026-05-22,21:07:07,-07:00,2026-05-22T21:07:07-07:00,1,0
style.css,154,css,00000000,Not Committed Yet,2026-05-22,21:07:07,-07:00,2026-05-22T21:07:07-07:00,0,0
style.css,155,css,00000000,Not Committed Yet,2026-05-22,21:07:07,-07:00,2026-05-22T21:07:07-07:00,0,0
style.css,156,css,00000000,Not Committed Yet,2026-05-22,21:07:07,-07:00,2026-05-22T21:07:07-07:00,0,15
style.css,157,css,00000000,Not Committed Yet,2026-05-22,21:07:07,-07:00,2026-05-22T21:07:07-07:00,0,12
style.css,158,css,00000000,Not Committed Yet,2026-05-22,21:07:07,-07:00,2026-05-22T21:07:07-07:00,1,16
style.css,159,css,f806443c,dsmfeg,2026-05-01,23:41:19,-07:00,2026-05-01T23:41:19-07:00,0,0
style.css,160,css,00000000,Not Committed Yet,2026-05-22,21:07:07,-07:00,2026-05-22T21:07:07-07:00,1,5
style.css,161,css,00000000,Not Committed Yet,2026-05-22,21:07:07,-07:00,2026-05-22T21:07:07-07:00,2,12
style.css,162,css,00000000,Not Committed Yet,2026-05-22,21:07:07,-07:00,2026-05-22T21:07:07-07:00,2,20
style.css,163,css,00000000,Not Committed Yet,2026-05-22,21:07:07,-07:00,2026-05-22T21:07:07-07:00,2,7
style.css,164,css,00000000,Not Committed Yet,2026-05-22,21:07:07,-07:00,2026-05-22T21:07:07-07:00,2,14
style.css,165,css,f806443c,dsmfeg,2026-05-01,23:41:19,-07:00,2026-05-01T23:41:19-07:00,1,0
style.css,166,css,00000000,Not Committed Yet,2026-05-22,21:07:07,-07:00,2026-05-22T21:07:07-07:00,0,0
style.css,167,css,00000000,Not Committed Yet,2026-05-22,21:07:07,-07:00,2026-05-22T21:07:07-07:00,1,30
style.css,168,css,00000000,Not Committed Yet,2026-05-22,21:07:07,-07:00,2026-05-22T21:07:07-07:00,0,0
style.css,169,css,00000000,Not Committed Yet,2026-05-22,21:07:07,-07:00,2026-05-22T21:07:07-07:00,1,4
style.css,170,css,00000000,Not Committed Yet,2026-05-22,21:07:07,-07:00,2026-05-22T21:07:07-07:00,2,16
style.css,171,css,00000000,Not Committed Yet,2026-05-22,21:07:07,-07:00,2026-05-22T21:07:07-07:00,2,15
style.css,172,css,00000000,Not Committed Yet,2026-05-22,21:07:07,-07:00,2026-05-22T21:07:07-07:00,2,21
style.css,173,css,00000000,Not Committed Yet,2026-05-22,21:07:07,-07:00,2026-05-22T21:07:07-07:00,1,0
style.css,174,css,00000000,Not Committed Yet,2026-05-22,21:07:07,-07:00,2026-05-22T21:07:07-07:00,0,0
style.css,175,css,00000000,Not Committed Yet,2026-05-22,21:07:07,-07:00,2026-05-22T21:07:07-07:00,0,0
style.css,176,css,00000000,Not Committed Yet,2026-05-22,21:07:07,-07:00,2026-05-22T21:07:07-07:00,0,23
style.css,177,css,00000000,Not Committed Yet,2026-05-22,21:07:07,-07:00,2026-05-22T21:07:07-07:00,0,6
style.css,178,css,00000000,Not Committed Yet,2026-05-22,21:07:07,-07:00,2026-05-22T21:07:07-07:00,1,16
style.css,179,css,00000000,Not Committed Yet,2026-05-22,21:07:07,-07:00,2026-05-22T21:07:07-07:00,1,23
style.css,180,css,00000000,Not Committed Yet,2026-05-22,21:07:07,-07:00,2026-05-22T21:07:07-07:00,1,22
style.css,181,css,00000000,Not Committed Yet,2026-05-22,21:07:07,-07:00,2026-05-22T21:07:07-07:00,0,0
style.css,182,css,00000000,Not Committed Yet,2026-05-22,21:07:07,-07:00,2026-05-22T21:07:07-07:00,1,23
style.css,183,css,00000000,Not Committed Yet,2026-05-22,21:07:07,-07:00,2026-05-22T21:07:07-07:00,0,0
style.css,184,css,00000000,Not Committed Yet,2026-05-22,21:07:07,-07:00,2026-05-22T21:07:07-07:00,0,0
style.css,185,css,00000000,Not Committed Yet,2026-05-22,21:07:07,-07:00,2026-05-22T21:07:07-07:00,0,37
style.css,186,css,00000000,Not Committed Yet,2026-05-22,21:07:07,-07:00,2026-05-22T21:07:07-07:00,0,0
style.css,187,css,00000000,Not Committed Yet,2026-05-22,21:07:07,-07:00,2026-05-22T21:07:07-07:00,0,32
style.css,188,css,00000000,Not Committed Yet,2026-05-22,21:07:07,-07:00,2026-05-22T21:07:07-07:00,0,0
style.css,189,css,00000000,Not Committed Yet,2026-05-22,21:07:07,-07:00,2026-05-22T21:07:07-07:00,0,13
style.css,190,css,00000000,Not Committed Yet,2026-05-22,21:07:07,-07:00,2026-05-22T21:07:07-07:00,0,15
style.css,191,css,00000000,Not Committed Yet,2026-05-22,21:07:07,-07:00,2026-05-22T21:07:07-07:00,1,28
style.css,192,css,00000000,Not Committed Yet,2026-05-22,21:07:07,-07:00,2026-05-22T21:07:07-07:00,0,0
style.css,193,css,00000000,Not Committed Yet,2026-05-22,21:07:07,-07:00,2026-05-22T21:07:07-07:00,0,32
style.css,194,css,00000000,Not Committed Yet,2026-05-22,21:07:07,-07:00,2026-05-22T21:07:07-07:00,0,0
style.css,195,css,00000000,Not Committed Yet,2026-05-22,21:07:07,-07:00,2026-05-22T21:07:07-07:00,0,11
style.css,196,css,00000000,Not Committed Yet,2026-05-22,21:07:07,-07:00,2026-05-22T21:07:07-07:00,0,7
style.css,197,css,00000000,Not Committed Yet,2026-05-22,21:07:07,-07:00,2026-05-22T21:07:07-07:00,1,12
style.css,198,css,00000000,Not Committed Yet,2026-05-22,21:07:07,-07:00,2026-05-22T21:07:07-07:00,1,30
style.css,199,css,00000000,Not Committed Yet,2026-05-22,21:07:07,-07:00,2026-05-22T21:07:07-07:00,1,15
style.css,200,css,00000000,Not Committed Yet,2026-05-22,21:07:07,-07:00,2026-05-22T21:07:07-07:00,1,8
style.css,201,css,00000000,Not Committed Yet,2026-05-22,21:07:07,-07:00,2026-05-22T21:07:07-07:00,1,25
style.css,202,css,00000000,Not Committed Yet,2026-05-22,21:07:07,-07:00,2026-05-22T21:07:07-07:00,1,39
style.css,203,css,00000000,Not Committed Yet,2026-05-22,21:07:07,-07:00,2026-05-22T21:07:07-07:00,0,0
style.css,204,css,00000000,Not Committed Yet,2026-05-22,21:07:07,-07:00,2026-05-22T21:07:07-07:00,1,2
style.css,205,css,00000000,Not Committed Yet,2026-05-22,21:07:07,-07:00,2026-05-22T21:07:07-07:00,2,15
style.css,206,css,00000000,Not Committed Yet,2026-05-22,21:07:07,-07:00,2026-05-22T21:07:07-07:00,2,21
style.css,207,css,00000000,Not Committed Yet,2026-05-22,21:07:07,-07:00,2026-05-22T21:07:07-07:00,2,16
style.css,208,css,00000000,Not Committed Yet,2026-05-22,21:07:07,-07:00,2026-05-22T21:07:07-07:00,1,0
style.css,209,css,00000000,Not Committed Yet,2026-05-22,21:07:07,-07:00,2026-05-22T21:07:07-07:00,1,15
style.css,210,css,00000000,Not Committed Yet,2026-05-22,21:07:07,-07:00,2026-05-22T21:07:07-07:00,0,0
style.css,211,css,00000000,Not Committed Yet,2026-05-22,21:07:07,-07:00,2026-05-22T21:07:07-07:00,0,0
style.css,212,css,00000000,Not Committed Yet,2026-05-22,21:07:07,-07:00,2026-05-22T21:07:07-07:00,0,42
style.css,213,css,00000000,Not Committed Yet,2026-05-22,21:07:07,-07:00,2026-05-22T21:07:07-07:00,1,9
style.css,214,css,00000000,Not Committed Yet,2026-05-22,21:07:07,-07:00,2026-05-22T21:07:07-07:00,1,17
style.css,215,css,00000000,Not Committed Yet,2026-05-22,21:07:07,-07:00,2026-05-22T21:07:07-07:00,0,0
style.css,216,css,00000000,Not Committed Yet,2026-05-22,21:07:07,-07:00,2026-05-22T21:07:07-07:00,0,0
style.css,217,css,00000000,Not Committed Yet,2026-05-22,21:07:07,-07:00,2026-05-22T21:07:07-07:00,0,8
style.css,218,css,00000000,Not Committed Yet,2026-05-22,21:07:07,-07:00,2026-05-22T21:07:07-07:00,1,14
style.css,219,css,00000000,Not Committed Yet,2026-05-22,21:07:07,-07:00,2026-05-22T21:07:07-07:00,1,55
style.css,220,css,00000000,Not Committed Yet,2026-05-22,21:07:07,-07:00,2026-05-22T21:07:07-07:00,1,25
style.css,221,css,00000000,Not Committed Yet,2026-05-22,21:07:07,-07:00,2026-05-22T21:07:07-07:00,1,38
style.css,222,css,00000000,Not Committed Yet,2026-05-22,21:07:07,-07:00,2026-05-22T21:07:07-07:00,1,41
style.css,223,css,00000000,Not Committed Yet,2026-05-22,21:07:07,-07:00,2026-05-22T21:07:07-07:00,1,17
style.css,224,css,00000000,Not Committed Yet,2026-05-22,21:07:07,-07:00,2026-05-22T21:07:07-07:00,1,19
style.css,225,css,00000000,Not Committed Yet,2026-05-22,21:07:07,-07:00,2026-05-22T21:07:07-07:00,1,16
style.css,226,css,00000000,Not Committed Yet,2026-05-22,21:07:07,-07:00,2026-05-22T21:07:07-07:00,1,19
style.css,227,css,00000000,Not Committed Yet,2026-05-22,21:07:07,-07:00,2026-05-22T21:07:07-07:00,1,10
style.css,228,css,00000000,Not Committed Yet,2026-05-22,21:07:07,-07:00,2026-05-22T21:07:07-07:00,0,0
style.css,229,css,00000000,Not Committed Yet,2026-05-22,21:07:07,-07:00,2026-05-22T21:07:07-07:00,0,0
style.css,230,css,00000000,Not Committed Yet,2026-05-22,21:07:07,-07:00,2026-05-22T21:07:07-07:00,0,19
style.css,231,css,00000000,Not Committed Yet,2026-05-22,21:07:07,-07:00,2026-05-22T21:07:07-07:00,0,24
style.css,232,css,00000000,Not Committed Yet,2026-05-22,21:07:07,-07:00,2026-05-22T21:07:07-07:00,1,27
style.css,233,css,00000000,Not Committed Yet,2026-05-22,21:07:07,-07:00,2026-05-22T21:07:07-07:00,0,0
style.css,234,css,00000000,Not Committed Yet,2026-05-22,21:07:07,-07:00,2026-05-22T21:07:07-07:00,0,0
style.css,235,css,00000000,Not Committed Yet,2026-05-22,21:07:07,-07:00,2026-05-22T21:07:07-07:00,0,10
style.css,236,css,00000000,Not Committed Yet,2026-05-22,21:07:07,-07:00,2026-05-22T21:07:07-07:00,1,16
style.css,237,css,00000000,Not Committed Yet,2026-05-22,21:07:07,-07:00,2026-05-22T21:07:07-07:00,1,12
style.css,238,css,00000000,Not Committed Yet,2026-05-22,21:07:07,-07:00,2026-05-22T21:07:07-07:00,1,18
style.css,239,css,00000000,Not Committed Yet,2026-05-22,21:07:07,-07:00,2026-05-22T21:07:07-07:00,1,20
style.css,240,css,00000000,Not Committed Yet,2026-05-22,21:07:07,-07:00,2026-05-22T21:07:07-07:00,1,42
style.css,241,css,00000000,Not Committed Yet,2026-05-22,21:07:07,-07:00,2026-05-22T21:07:07-07:00,0,0
style.css,242,css,00000000,Not Committed Yet,2026-05-22,21:07:07,-07:00,2026-05-22T21:07:07-07:00,0,0
style.css,243,css,00000000,Not Committed Yet,2026-05-22,21:07:07,-07:00,2026-05-22T21:07:07-07:00,0,66
style.css,244,css,00000000,Not Committed Yet,2026-05-22,21:07:07,-07:00,2026-05-22T21:07:07-07:00,0,0
style.css,245,css,00000000,Not Committed Yet,2026-05-22,21:07:07,-07:00,2026-05-22T21:07:07-07:00,0,10
style.css,246,css,00000000,Not Committed Yet,2026-05-22,21:07:07,-07:00,2026-05-22T21:07:07-07:00,1,17
style.css,247,css,00000000,Not Committed Yet,2026-05-22,21:07:07,-07:00,2026-05-22T21:07:07-07:00,1,12
style.css,248,css,00000000,Not Committed Yet,2026-05-22,21:07:07,-07:00,2026-05-22T21:07:07-07:00,1,8
style.css,249,css,00000000,Not Committed Yet,2026-05-22,21:07:07,-07:00,2026-05-22T21:07:07-07:00,0,0
style.css,250,css,00000000,Not Committed Yet,2026-05-22,21:07:07,-07:00,2026-05-22T21:07:07-07:00,1,14
style.css,251,css,00000000,Not Committed Yet,2026-05-22,21:07:07,-07:00,2026-05-22T21:07:07-07:00,0,0
style.css,252,css,00000000,Not Committed Yet,2026-05-22,21:07:07,-07:00,2026-05-22T21:07:07-07:00,0,0
style.css,253,css,00000000,Not Committed Yet,2026-05-22,21:07:07,-07:00,2026-05-22T21:07:07-07:00,0,14
style.css,254,css,00000000,Not Committed Yet,2026-05-22,21:07:07,-07:00,2026-05-22T21:07:07-07:00,1,17
style.css,255,css,00000000,Not Committed Yet,2026-05-22,21:07:07,-07:00,2026-05-22T21:07:07-07:00,0,0
style.css,256,css,00000000,Not Committed Yet,2026-05-22,21:07:07,-07:00,2026-05-22T21:07:07-07:00,1,5
style.css,257,css,00000000,Not Committed Yet,2026-05-22,21:07:07,-07:00,2026-05-22T21:07:07-07:00,2,19
style.css,258,css,00000000,Not Committed Yet,2026-05-22,21:07:07,-07:00,2026-05-22T21:07:07-07:00,2,15
style.css,259,css,00000000,Not Committed Yet,2026-05-22,21:07:07,-07:00,2026-05-22T21:07:07-07:00,2,15
style.css,260,css,00000000,Not Committed Yet,2026-05-22,21:07:07,-07:00,2026-05-22T21:07:07-07:00,2,21
style.css,261,css,00000000,Not Committed Yet,2026-05-22,21:07:07,-07:00,2026-05-22T21:07:07-07:00,1,0
style.css,262,css,00000000,Not Committed Yet,2026-05-22,21:07:07,-07:00,2026-05-22T21:07:07-07:00,0,0
style.css,263,css,00000000,Not Committed Yet,2026-05-22,21:07:07,-07:00,2026-05-22T21:07:07-07:00,0,0
style.css,264,css,00000000,Not Committed Yet,2026-05-22,21:07:07,-07:00,2026-05-22T21:07:07-07:00,0,13
style.css,265,css,00000000,Not Committed Yet,2026-05-22,21:07:07,-07:00,2026-05-22T21:07:07-07:00,1,15
style.css,266,css,00000000,Not Committed Yet,2026-05-22,21:07:07,-07:00,2026-05-22T21:07:07-07:00,1,5
style.css,267,css,00000000,Not Committed Yet,2026-05-22,21:07:07,-07:00,2026-05-22T21:07:07-07:00,1,6
style.css,268,css,00000000,Not Committed Yet,2026-05-22,21:07:07,-07:00,2026-05-22T21:07:07-07:00,1,11
style.css,269,css,00000000,Not Committed Yet,2026-05-22,21:07:07,-07:00,2026-05-22T21:07:07-07:00,1,11
style.css,270,css,00000000,Not Committed Yet,2026-05-22,21:07:07,-07:00,2026-05-22T21:07:07-07:00,1,16
style.css,271,css,00000000,Not Committed Yet,2026-05-22,21:07:07,-07:00,2026-05-22T21:07:07-07:00,0,0
style.css,272,css,00000000,Not Committed Yet,2026-05-22,21:07:07,-07:00,2026-05-22T21:07:07-07:00,0,0
style.css,273,css,00000000,Not Committed Yet,2026-05-22,21:07:07,-07:00,2026-05-22T21:07:07-07:00,0,66
style.css,274,css,00000000,Not Committed Yet,2026-05-22,21:07:07,-07:00,2026-05-22T21:07:07-07:00,0,0
style.css,275,css,00000000,Not Committed Yet,2026-05-22,21:07:07,-07:00,2026-05-22T21:07:07-07:00,0,6
style.css,276,css,00000000,Not Committed Yet,2026-05-22,21:07:07,-07:00,2026-05-22T21:07:07-07:00,1,12
style.css,277,css,00000000,Not Committed Yet,2026-05-22,21:07:07,-07:00,2026-05-22T21:07:07-07:00,1,29
style.css,278,css,00000000,Not Committed Yet,2026-05-22,21:07:07,-07:00,2026-05-22T21:07:07-07:00,1,16
style.css,279,css,00000000,Not Committed Yet,2026-05-22,21:07:07,-07:00,2026-05-22T21:07:07-07:00,0,0
style.css,280,css,00000000,Not Committed Yet,2026-05-22,21:07:07,-07:00,2026-05-22T21:07:07-07:00,1,5
style.css,281,css,00000000,Not Committed Yet,2026-05-22,21:07:07,-07:00,2026-05-22T21:07:07-07:00,2,18
style.css,282,css,00000000,Not Committed Yet,2026-05-22,21:07:07,-07:00,2026-05-22T21:07:07-07:00,2,12
style.css,283,css,00000000,Not Committed Yet,2026-05-22,21:07:07,-07:00,2026-05-22T21:07:07-07:00,2,29
style.css,284,css,00000000,Not Committed Yet,2026-05-22,21:07:07,-07:00,2026-05-22T21:07:07-07:00,2,18
style.css,285,css,00000000,Not Committed Yet,2026-05-22,21:07:07,-07:00,2026-05-22T21:07:07-07:00,1,0
style.css,286,css,00000000,Not Committed Yet,2026-05-22,21:07:07,-07:00,2026-05-22T21:07:07-07:00,0,0
style.css,287,css,00000000,Not Committed Yet,2026-05-22,21:07:07,-07:00,2026-05-22T21:07:07-07:00,1,2
style.css,288,css,00000000,Not Committed Yet,2026-05-22,21:07:07,-07:00,2026-05-22T21:07:07-07:00,2,13
style.css,289,css,00000000,Not Committed Yet,2026-05-22,21:07:07,-07:00,2026-05-22T21:07:07-07:00,2,16
style.css,290,css,00000000,Not Committed Yet,2026-05-22,21:07:07,-07:00,2026-05-22T21:07:07-07:00,0,0
style.css,291,css,00000000,Not Committed Yet,2026-05-22,21:07:07,-07:00,2026-05-22T21:07:07-07:00,2,25
style.css,292,css,00000000,Not Committed Yet,2026-05-22,21:07:07,-07:00,2026-05-22T21:07:07-07:00,0,0
style.css,293,css,00000000,Not Committed Yet,2026-05-22,21:07:07,-07:00,2026-05-22T21:07:07-07:00,2,5
style.css,294,css,00000000,Not Committed Yet,2026-05-22,21:07:07,-07:00,2026-05-22T21:07:07-07:00,3,13
style.css,295,css,00000000,Not Committed Yet,2026-05-22,21:07:07,-07:00,2026-05-22T21:07:07-07:00,3,15
style.css,296,css,00000000,Not Committed Yet,2026-05-22,21:07:07,-07:00,2026-05-22T21:07:07-07:00,3,11
style.css,297,css,00000000,Not Committed Yet,2026-05-22,21:07:07,-07:00,2026-05-22T21:07:07-07:00,2,0
style.css,298,css,00000000,Not Committed Yet,2026-05-22,21:07:07,-07:00,2026-05-22T21:07:07-07:00,1,0
style.css,299,css,00000000,Not Committed Yet,2026-05-22,21:07:07,-07:00,2026-05-22T21:07:07-07:00,0,0
style.css,300,css,00000000,Not Committed Yet,2026-05-22,21:07:07,-07:00,2026-05-22T21:07:07-07:00,1,2
style.css,301,css,00000000,Not Committed Yet,2026-05-22,21:07:07,-07:00,2026-05-22T21:07:07-07:00,2,13
style.css,302,css,00000000,Not Committed Yet,2026-05-22,21:07:07,-07:00,2026-05-22T21:07:07-07:00,2,12
style.css,303,css,00000000,Not Committed Yet,2026-05-22,21:07:07,-07:00,2026-05-22T21:07:07-07:00,2,14
style.css,304,css,00000000,Not Committed Yet,2026-05-22,21:07:07,-07:00,2026-05-22T21:07:07-07:00,2,17
style.css,305,css,00000000,Not Committed Yet,2026-05-22,21:07:07,-07:00,2026-05-22T21:07:07-07:00,2,19
style.css,306,css,00000000,Not Committed Yet,2026-05-22,21:07:07,-07:00,2026-05-22T21:07:07-07:00,2,10
style.css,307,css,00000000,Not Committed Yet,2026-05-22,21:07:07,-07:00,2026-05-22T21:07:07-07:00,2,17
style.css,308,css,00000000,Not Committed Yet,2026-05-22,21:07:07,-07:00,2026-05-22T21:07:07-07:00,2,13
style.css,309,css,00000000,Not Committed Yet,2026-05-22,21:07:07,-07:00,2026-05-22T21:07:07-07:00,1,0
style.css,310,css,00000000,Not Committed Yet,2026-05-22,21:07:07,-07:00,2026-05-22T21:07:07-07:00,0,0
style.css,311,css,00000000,Not Committed Yet,2026-05-22,21:07:07,-07:00,2026-05-22T21:07:07-07:00,0,0
style.css,312,css,00000000,Not Committed Yet,2026-05-22,21:07:07,-07:00,2026-05-22T21:07:07-07:00,0,4
style.css,313,css,00000000,Not Committed Yet,2026-05-22,21:07:07,-07:00,2026-05-22T21:07:07-07:00,1,11
style.css,314,css,00000000,Not Committed Yet,2026-05-22,21:07:07,-07:00,2026-05-22T21:07:07-07:00,1,14
style.css,315,css,00000000,Not Committed Yet,2026-05-22,21:07:07,-07:00,2026-05-22T21:07:07-07:00,1,34
style.css,316,css,00000000,Not Committed Yet,2026-05-22,21:07:07,-07:00,2026-05-22T21:07:07-07:00,1,17
style.css,317,css,00000000,Not Committed Yet,2026-05-22,21:07:07,-07:00,2026-05-22T21:07:07-07:00,0,0
index.js,1,js,79ac3585,dsmfeg,2026-04-25,21:52:39,-07:00,2026-04-25T21:52:39-07:00,0,71
index.js,2,js,79ac3585,dsmfeg,2026-04-25,21:52:39,-07:00,2026-04-25T21:52:39-07:00,0,49
index.js,3,js,79ac3585,dsmfeg,2026-04-25,21:52:39,-07:00,2026-04-25T21:52:39-07:00,0,60
index.js,4,js,79ac3585,dsmfeg,2026-04-25,21:52:39,-07:00,2026-04-25T21:52:39-07:00,0,17
index.js,5,js,79ac3585,dsmfeg,2026-04-25,21:52:39,-07:00,2026-04-25T21:52:39-07:00,1,24
index.js,6,js,79ac3585,dsmfeg,2026-04-25,21:52:39,-07:00,2026-04-25T21:52:39-07:00,4,2
index.js,7,js,79ac3585,dsmfeg,2026-04-25,21:52:39,-07:00,2026-04-25T21:52:39-07:00,5,55
index.js,8,js,79ac3585,dsmfeg,2026-04-25,21:52:39,-07:00,2026-04-25T21:52:39-07:00,5,55
index.js,9,js,79ac3585,dsmfeg,2026-04-25,21:52:39,-07:00,2026-04-25T21:52:39-07:00,5,49
index.js,10,js,79ac3585,dsmfeg,2026-04-25,21:52:39,-07:00,2026-04-25T21:52:39-07:00,5,49
index.js,11,js,79ac3585,dsmfeg,2026-04-25,21:52:39,-07:00,2026-04-25T21:52:39-07:00,4,3
index.js,12,js,79ac3585,dsmfeg,2026-04-25,21:52:39,-07:00,2026-04-25T21:52:39-07:00,2,0
index.js,13,js,79ac3585,dsmfeg,2026-04-25,21:52:39,-07:00,2026-04-25T21:52:39-07:00,0,0
index.js,14,js,79ac3585,dsmfeg,2026-04-25,21:52:39,-07:00,2026-04-25T21:52:39-07:00,0,54
index.js,15,js,79ac3585,dsmfeg,2026-04-25,21:52:39,-07:00,2026-04-25T21:52:39-07:00,0,42
index.js,16,js,79ac3585,dsmfeg,2026-04-25,21:52:39,-07:00,2026-04-25T21:52:39-07:00,0,60
index.js,17,js,79ac3585,dsmfeg,2026-04-25,21:52:39,-07:00,2026-04-25T21:52:39-07:00,0,54
index.html,1,html,13764b3,dsmfeg,2026-04-03,10:34:37,-07:00,2026-04-03T10:34:37-07:00,0,13
index.html,2,html,13764b3,dsmfeg,2026-04-03,10:34:37,-07:00,2026-04-03T10:34:37-07:00,0,14
index.html,3,html,13764b3,dsmfeg,2026-04-03,10:34:37,-07:00,2026-04-03T10:34:37-07:00,0,4
index.html,4,html,13764b3,dsmfeg,2026-04-03,10:34:37,-07:00,2026-04-03T10:34:37-07:00,2,20
index.html,5,html,13764b3,dsmfeg,2026-04-03,10:34:37,-07:00,2026-04-03T10:34:37-07:00,2,68
index.html,6,html,13764b3,dsmfeg,2026-04-03,10:34:37,-07:00,2026-04-03T10:34:37-07:00,2,55
index.html,7,html,9d8cdaf3,dsmfeg,2026-04-03,23:06:43,-07:00,2026-04-03T23:06:43-07:00,2,38
index.html,8,html,bc224a01,dsmfeg,2026-04-18,21:53:01,-07:00,2026-04-18T21:53:01-07:00,2,45
index.html,9,html,79ac3585,dsmfeg,2026-04-25,21:52:39,-07:00,2026-04-25T21:52:39-07:00,2,50
index.html,10,html,13764b3,dsmfeg,2026-04-03,10:34:37,-07:00,2026-04-03T10:34:37-07:00,0,5
index.html,11,html,13764b3,dsmfeg,2026-04-03,10:34:37,-07:00,2026-04-03T10:34:37-07:00,0,4
index.html,12,html,bc224a01,dsmfeg,2026-04-18,21:53:01,-07:00,2026-04-18T21:53:01-07:00,2,8
index.html,13,html,b452fbe6,dsmfeg,2026-04-11,20:37:06,-07:00,2026-04-11T20:37:06-07:00,4,2
index.html,14,html,bc224a01,dsmfeg,2026-04-18,21:53:01,-07:00,2026-04-18T21:53:01-07:00,6,27
index.html,15,html,b452fbe6,dsmfeg,2026-04-11,20:37:06,-07:00,2026-04-11T20:37:06-07:00,4,3
index.html,16,html,b452fbe6,dsmfeg,2026-04-11,20:37:06,-07:00,2026-04-11T20:37:06-07:00,4,2
index.html,17,html,b452fbe6,dsmfeg,2026-04-11,20:37:06,-07:00,2026-04-11T20:37:06-07:00,6,40
index.html,18,html,b452fbe6,dsmfeg,2026-04-11,20:37:06,-07:00,2026-04-11T20:37:06-07:00,4,3
index.html,19,html,b452fbe6,dsmfeg,2026-04-11,20:37:06,-07:00,2026-04-11T20:37:06-07:00,4,2
index.html,20,html,b452fbe6,dsmfeg,2026-04-11,20:37:06,-07:00,2026-04-11T20:37:06-07:00,6,36
index.html,21,html,b452fbe6,dsmfeg,2026-04-11,20:37:06,-07:00,2026-04-11T20:37:06-07:00,4,3
index.html,22,html,b452fbe6,dsmfeg,2026-04-11,20:37:06,-07:00,2026-04-11T20:37:06-07:00,4,2
index.html,23,html,b452fbe6,dsmfeg,2026-04-11,20:37:06,-07:00,2026-04-11T20:37:06-07:00,6,41
index.html,24,html,b452fbe6,dsmfeg,2026-04-11,20:37:06,-07:00,2026-04-11T20:37:06-07:00,4,3
index.html,25,html,bc224a01,dsmfeg,2026-04-18,21:53:01,-07:00,2026-04-18T21:53:01-07:00,2,8
index.html,26,html,13764b3,dsmfeg,2026-04-03,10:34:37,-07:00,2026-04-03T10:34:37-07:00,2,20
index.html,27,html,13764b3,dsmfeg,2026-04-03,10:34:37,-07:00,2026-04-03T10:34:37-07:00,2,50
index.html,28,html,9d8cdaf3,dsmfeg,2026-04-03,23:06:43,-07:00,2026-04-03T23:06:43-07:00,2,54
index.html,29,html,79ac3585,dsmfeg,2026-04-25,21:52:39,-07:00,2026-04-25T21:52:39-07:00,2,13
index.html,30,html,79ac3585,dsmfeg,2026-04-25,21:52:39,-07:00,2026-04-25T21:52:39-07:00,2,28
index.html,31,html,79ac3585,dsmfeg,2026-04-25,21:52:39,-07:00,2026-04-25T21:52:39-07:00,2,22
index.html,32,html,79ac3585,dsmfeg,2026-04-25,21:52:39,-07:00,2026-04-25T21:52:39-07:00,2,20
index.html,33,html,79ac3585,dsmfeg,2026-04-25,21:52:39,-07:00,2026-04-25T21:52:39-07:00,4,49
index.html,34,html,79ac3585,dsmfeg,2026-04-25,21:52:39,-07:00,2026-04-25T21:52:39-07:00,2,4
index.html,35,html,13764b3,dsmfeg,2026-04-03,10:34:37,-07:00,2026-04-03T10:34:37-07:00,0,5
index.html,36,html,13764b3,dsmfeg,2026-04-03,10:34:37,-07:00,2026-04-03T10:34:37-07:00,0,5
global.js,1,js,bc224a01,dsmfeg,2026-04-18,21:53:01,-07:00,2026-04-18T21:53:01-07:00,0,19
global.js,2,js,bc224a01,dsmfeg,2026-04-18,21:53:01,-07:00,2026-04-18T21:53:01-07:00,0,11
global.js,3,js,0a8e9f66,dsmfeg,2026-04-18,21:56:11,-07:00,2026-04-18T21:56:11-07:00,2,35
global.js,4,js,0a8e9f66,dsmfeg,2026-04-18,21:56:11,-07:00,2026-04-18T21:56:11-07:00,2,48
global.js,5,js,0a8e9f66,dsmfeg,2026-04-18,21:56:11,-07:00,2026-04-18T21:56:11-07:00,2,44
global.js,6,js,0a8e9f66,dsmfeg,2026-04-18,21:56:11,-07:00,2026-04-18T21:56:11-07:00,2,49
global.js,7,js,00000000,Not Committed Yet,2026-05-22,21:07:07,-07:00,2026-05-22T21:07:07-07:00,2,40
global.js,8,js,bc224a01,dsmfeg,2026-04-18,21:53:01,-07:00,2026-04-18T21:53:01-07:00,0,0
global.js,9,js,bc224a01,dsmfeg,2026-04-18,21:53:01,-07:00,2026-04-18T21:53:01-07:00,0,0
global.js,10,js,bc224a01,dsmfeg,2026-04-18,21:53:01,-07:00,2026-04-18T21:53:01-07:00,0,38
global.js,11,js,bc224a01,dsmfeg,2026-04-18,21:53:01,-07:00,2026-04-18T21:53:01-07:00,0,25
global.js,12,js,bc224a01,dsmfeg,2026-04-18,21:53:01,-07:00,2026-04-18T21:53:01-07:00,0,0
global.js,13,js,bc224a01,dsmfeg,2026-04-18,21:53:01,-07:00,2026-04-18T21:53:01-07:00,0,88
global.js,14,js,00000000,Not Committed Yet,2026-05-22,21:07:07,-07:00,2026-05-22T21:07:07-07:00,2,3
global.js,15,js,00000000,Not Committed Yet,2026-05-22,21:07:07,-07:00,2026-05-22T21:07:07-07:00,2,14
global.js,16,js,bc224a01,dsmfeg,2026-04-18,21:53:01,-07:00,2026-04-18T21:53:01-07:00,0,0
global.js,17,js,bc224a01,dsmfeg,2026-04-18,21:53:01,-07:00,2026-04-18T21:53:01-07:00,0,20
global.js,18,js,bc224a01,dsmfeg,2026-04-18,21:53:01,-07:00,2026-04-18T21:53:01-07:00,2,14
global.js,19,js,bc224a01,dsmfeg,2026-04-18,21:53:01,-07:00,2026-04-18T21:53:01-07:00,2,18
global.js,20,js,bc224a01,dsmfeg,2026-04-18,21:53:01,-07:00,2026-04-18T21:53:01-07:00,2,52
global.js,21,js,bc224a01,dsmfeg,2026-04-18,21:53:01,-07:00,2026-04-18T21:53:01-07:00,2,34
global.js,22,js,bc224a01,dsmfeg,2026-04-18,21:53:01,-07:00,2026-04-18T21:53:01-07:00,2,11
global.js,23,js,bc224a01,dsmfeg,2026-04-18,21:53:01,-07:00,2026-04-18T21:53:01-07:00,2,20
global.js,24,js,bc224a01,dsmfeg,2026-04-18,21:53:01,-07:00,2026-04-18T21:53:01-07:00,2,65
global.js,25,js,bc224a01,dsmfeg,2026-04-18,21:53:01,-07:00,2026-04-18T21:53:01-07:00,4,25
global.js,26,js,bc224a01,dsmfeg,2026-04-18,21:53:01,-07:00,2026-04-18T21:53:01-07:00,2,0
global.js,27,js,bc224a01,dsmfeg,2026-04-18,21:53:01,-07:00,2026-04-18T21:53:01-07:00,2,12
global.js,28,js,bc224a01,dsmfeg,2026-04-18,21:53:01,-07:00,2026-04-18T21:53:01-07:00,0,0
global.js,29,js,bc224a01,dsmfeg,2026-04-18,21:53:01,-07:00,2026-04-18T21:53:01-07:00,0,0
global.js,30,js,bc224a01,dsmfeg,2026-04-18,21:53:01,-07:00,2026-04-18T21:53:01-07:00,0,30
global.js,31,js,bc224a01,dsmfeg,2026-04-18,21:53:01,-07:00,2026-04-18T21:53:01-07:00,0,31
global.js,32,js,bc224a01,dsmfeg,2026-04-18,21:53:01,-07:00,2026-04-18T21:53:01-07:00,1,11
global.js,33,js,bc224a01,dsmfeg,2026-04-18,21:53:01,-07:00,2026-04-18T21:53:01-07:00,1,0
global.js,34,js,00000000,Not Committed Yet,2026-05-22,21:07:07,-07:00,2026-05-22T21:07:07-07:00,1,26
global.js,35,js,00000000,Not Committed Yet,2026-05-22,21:07:07,-07:00,2026-05-22T21:07:07-07:00,2,4
global.js,36,js,00000000,Not Committed Yet,2026-05-22,21:07:07,-07:00,2026-05-22T21:07:07-07:00,2,6
global.js,37,js,00000000,Not Committed Yet,2026-05-22,21:07:07,-07:00,2026-05-22T21:07:07-07:00,3,34
global.js,38,js,00000000,Not Committed Yet,2026-05-22,21:07:07,-07:00,2026-05-22T21:07:07-07:00,3,32
global.js,39,js,00000000,Not Committed Yet,2026-05-22,21:07:07,-07:00,2026-05-22T21:07:07-07:00,3,43
global.js,40,js,00000000,Not Committed Yet,2026-05-22,21:07:07,-07:00,2026-05-22T21:07:07-07:00,2,7
global.js,41,js,00000000,Not Committed Yet,2026-05-22,21:07:07,-07:00,2026-05-22T21:07:07-07:00,1,8
global.js,42,js,bc224a01,dsmfeg,2026-04-18,21:53:01,-07:00,2026-04-18T21:53:01-07:00,0,0
global.js,43,js,bc224a01,dsmfeg,2026-04-18,21:53:01,-07:00,2026-04-18T21:53:01-07:00,0,0
global.js,44,js,00000000,Not Committed Yet,2026-05-22,21:07:07,-07:00,2026-05-22T21:07:07-07:00,0,58
global.js,45,js,bc224a01,dsmfeg,2026-04-18,21:53:01,-07:00,2026-04-18T21:53:01-07:00,0,0
global.js,46,js,bc224a01,dsmfeg,2026-04-18,21:53:01,-07:00,2026-04-18T21:53:01-07:00,0,34
global.js,47,js,bc224a01,dsmfeg,2026-04-18,21:53:01,-07:00,2026-04-18T21:53:01-07:00,1,37
global.js,48,js,bc224a01,dsmfeg,2026-04-18,21:53:01,-07:00,2026-04-18T21:53:01-07:00,1,64
global.js,49,js,bc224a01,dsmfeg,2026-04-18,21:53:01,-07:00,2026-04-18T21:53:01-07:00,1,19
global.js,50,js,bc224a01,dsmfeg,2026-04-18,21:53:01,-07:00,2026-04-18T21:53:01-07:00,0,0
global.js,51,js,bc224a01,dsmfeg,2026-04-18,21:53:01,-07:00,2026-04-18T21:53:01-07:00,0,0
global.js,52,js,bc224a01,dsmfeg,2026-04-18,21:53:01,-07:00,2026-04-18T21:53:01-07:00,0,49
global.js,53,js,bc224a01,dsmfeg,2026-04-18,21:53:01,-07:00,2026-04-18T21:53:01-07:00,1,31
global.js,54,js,bc224a01,dsmfeg,2026-04-18,21:53:01,-07:00,2026-04-18T21:53:01-07:00,1,64
global.js,55,js,bc224a01,dsmfeg,2026-04-18,21:53:01,-07:00,2026-04-18T21:53:01-07:00,1,31
global.js,56,js,bc224a01,dsmfeg,2026-04-18,21:53:01,-07:00,2026-04-18T21:53:01-07:00,0,1
global.js,57,js,79ac3585,dsmfeg,2026-04-25,21:52:39,-07:00,2026-04-25T21:52:39-07:00,0,0
global.js,58,js,00000000,Not Committed Yet,2026-05-22,21:07:07,-07:00,2026-05-22T21:07:07-07:00,0,19
global.js,59,js,79ac3585,dsmfeg,2026-04-25,21:52:39,-07:00,2026-04-25T21:52:39-07:00,0,36
global.js,60,js,79ac3585,dsmfeg,2026-04-25,21:52:39,-07:00,2026-04-25T21:52:39-07:00,1,3
global.js,61,js,79ac3585,dsmfeg,2026-04-25,21:52:39,-07:00,2026-04-25T21:52:39-07:00,2,32
global.js,62,js,79ac3585,dsmfeg,2026-04-25,21:52:39,-07:00,2026-04-25T21:52:39-07:00,2,17
global.js,63,js,00000000,Not Committed Yet,2026-05-22,21:07:07,-07:00,2026-05-22T21:07:07-07:00,3,57
global.js,64,js,79ac3585,dsmfeg,2026-04-25,21:52:39,-07:00,2026-04-25T21:52:39-07:00,2,0
global.js,65,js,00000000,Not Committed Yet,2026-05-22,21:07:07,-07:00,2026-05-22T21:07:07-07:00,2,27
global.js,66,js,79ac3585,dsmfeg,2026-04-25,21:52:39,-07:00,2026-04-25T21:52:39-07:00,1,15
global.js,67,js,79ac3585,dsmfeg,2026-04-25,21:52:39,-07:00,2026-04-25T21:52:39-07:00,2,59
global.js,68,js,79ac3585,dsmfeg,2026-04-25,21:52:39,-07:00,2026-04-25T21:52:39-07:00,1,0
global.js,69,js,79ac3585,dsmfeg,2026-04-25,21:52:39,-07:00,2026-04-25T21:52:39-07:00,0,0
global.js,70,js,79ac3585,dsmfeg,2026-04-25,21:52:39,-07:00,2026-04-25T21:52:39-07:00,0,0
global.js,71,js,00000000,Not Committed Yet,2026-05-22,21:07:07,-07:00,2026-05-22T21:07:07-07:00,0,62
global.js,72,js,79ac3585,dsmfeg,2026-04-25,21:52:39,-07:00,2026-04-25T21:52:39-07:00,0,79
global.js,73,js,79ac3585,dsmfeg,2026-04-25,21:52:39,-07:00,2026-04-25T21:52:39-07:00,1,30
global.js,74,js,79ac3585,dsmfeg,2026-04-25,21:52:39,-07:00,2026-04-25T21:52:39-07:00,1,27
global.js,75,js,79ac3585,dsmfeg,2026-04-25,21:52:39,-07:00,2026-04-25T21:52:39-07:00,2,48
global.js,76,js,79ac3585,dsmfeg,2026-04-25,21:52:39,-07:00,2026-04-25T21:52:39-07:00,2,51
global.js,77,js,00000000,Not Committed Yet,2026-05-22,21:07:07,-07:00,2026-05-22T21:07:07-07:00,0,0
global.js,78,js,00000000,Not Committed Yet,2026-05-22,21:07:07,-07:00,2026-05-22T21:07:07-07:00,2,16
global.js,79,js,00000000,Not Committed Yet,2026-05-22,21:07:07,-07:00,2026-05-22T21:07:07-07:00,3,39
global.js,80,js,00000000,Not Committed Yet,2026-05-22,21:07:07,-07:00,2026-05-22T21:07:07-07:00,3,22
global.js,81,js,00000000,Not Committed Yet,2026-05-22,21:07:07,-07:00,2026-05-22T21:07:07-07:00,3,21
global.js,82,js,00000000,Not Committed Yet,2026-05-22,21:07:07,-07:00,2026-05-22T21:07:07-07:00,3,31
global.js,83,js,00000000,Not Committed Yet,2026-05-22,21:07:07,-07:00,2026-05-22T21:07:07-07:00,3,24
global.js,84,js,00000000,Not Committed Yet,2026-05-22,21:07:07,-07:00,2026-05-22T21:07:07-07:00,2,6
global.js,85,js,00000000,Not Committed Yet,2026-05-22,21:07:07,-07:00,2026-05-22T21:07:07-07:00,3,34
global.js,86,js,00000000,Not Committed Yet,2026-05-22,21:07:07,-07:00,2026-05-22T21:07:07-07:00,2,0
global.js,87,js,79ac3585,dsmfeg,2026-04-25,21:52:39,-07:00,2026-04-25T21:52:39-07:00,0,0
global.js,88,js,79ac3585,dsmfeg,2026-04-25,21:52:39,-07:00,2026-04-25T21:52:39-07:00,2,19
global.js,89,js,79ac3585,dsmfeg,2026-04-25,21:52:39,-07:00,2026-04-25T21:52:39-07:00,3,49
global.js,90,js,00000000,Not Committed Yet,2026-05-22,21:07:07,-07:00,2026-05-22T21:07:07-07:00,3,33
global.js,91,js,00000000,Not Committed Yet,2026-05-22,21:07:07,-07:00,2026-05-22T21:07:07-07:00,3,47
global.js,92,js,79ac3585,dsmfeg,2026-04-25,21:52:39,-07:00,2026-04-25T21:52:39-07:00,2,0
global.js,93,js,79ac3585,dsmfeg,2026-04-25,21:52:39,-07:00,2026-04-25T21:52:39-07:00,2,23
global.js,94,js,79ac3585,dsmfeg,2026-04-25,21:52:39,-07:00,2026-04-25T21:52:39-07:00,2,36
global.js,95,js,79ac3585,dsmfeg,2026-04-25,21:52:39,-07:00,2026-04-25T21:52:39-07:00,1,1
global.js,96,js,79ac3585,dsmfeg,2026-04-25,21:52:39,-07:00,2026-04-25T21:52:39-07:00,0,0
global.js,97,js,79ac3585,dsmfeg,2026-04-25,21:52:39,-07:00,2026-04-25T21:52:39-07:00,0,0
global.js,98,js,00000000,Not Committed Yet,2026-05-22,21:07:07,-07:00,2026-05-22T21:07:07-07:00,0,11
global.js,99,js,79ac3585,dsmfeg,2026-04-25,21:52:39,-07:00,2026-04-25T21:52:39-07:00,0,47
global.js,100,js,79ac3585,dsmfeg,2026-04-25,21:52:39,-07:00,2026-04-25T21:52:39-07:00,1,59
global.js,101,js,00000000,Not Committed Yet,2026-05-22,21:07:07,-07:00,2026-05-22T21:07:07-07:00,0,0
Resume\index.html,1,html,9d8cdaf3,dsmfeg,2026-04-03,23:06:43,-07:00,2026-04-03T23:06:43-07:00,0,13
Resume\index.html,2,html,9d8cdaf3,dsmfeg,2026-04-03,23:06:43,-07:00,2026-04-03T23:06:43-07:00,0,14
Resume\index.html,3,html,9d8cdaf3,dsmfeg,2026-04-03,23:06:43,-07:00,2026-04-03T23:06:43-07:00,0,4
Resume\index.html,4,html,9d8cdaf3,dsmfeg,2026-04-03,23:06:43,-07:00,2026-04-03T23:06:43-07:00,2,20
Resume\index.html,5,html,9d8cdaf3,dsmfeg,2026-04-03,23:06:43,-07:00,2026-04-03T23:06:43-07:00,2,68
Resume\index.html,6,html,b452fbe6,dsmfeg,2026-04-11,20:37:06,-07:00,2026-04-11T20:37:06-07:00,2,19
Resume\index.html,7,html,b452fbe6,dsmfeg,2026-04-11,20:37:06,-07:00,2026-04-11T20:37:06-07:00,2,41
Resume\index.html,8,html,bc224a01,dsmfeg,2026-04-18,21:53:01,-07:00,2026-04-18T21:53:01-07:00,2,48
Resume\index.html,9,html,9d8cdaf3,dsmfeg,2026-04-03,23:06:43,-07:00,2026-04-03T23:06:43-07:00,0,5
Resume\index.html,10,html,9d8cdaf3,dsmfeg,2026-04-03,23:06:43,-07:00,2026-04-03T23:06:43-07:00,0,4
Resume\index.html,11,html,bc224a01,dsmfeg,2026-04-18,21:53:01,-07:00,2026-04-18T21:53:01-07:00,2,8
Resume\index.html,12,html,b452fbe6,dsmfeg,2026-04-11,20:37:06,-07:00,2026-04-11T20:37:06-07:00,4,2
Resume\index.html,13,html,b452fbe6,dsmfeg,2026-04-11,20:37:06,-07:00,2026-04-11T20:37:06-07:00,6,30
Resume\index.html,14,html,b452fbe6,dsmfeg,2026-04-11,20:37:06,-07:00,2026-04-11T20:37:06-07:00,4,3
Resume\index.html,15,html,b452fbe6,dsmfeg,2026-04-11,20:37:06,-07:00,2026-04-11T20:37:06-07:00,4,2
Resume\index.html,16,html,b452fbe6,dsmfeg,2026-04-11,20:37:06,-07:00,2026-04-11T20:37:06-07:00,6,43
Resume\index.html,17,html,b452fbe6,dsmfeg,2026-04-11,20:37:06,-07:00,2026-04-11T20:37:06-07:00,4,3
Resume\index.html,18,html,b452fbe6,dsmfeg,2026-04-11,20:37:06,-07:00,2026-04-11T20:37:06-07:00,4,2
Resume\index.html,19,html,bc224a01,dsmfeg,2026-04-18,21:53:01,-07:00,2026-04-18T21:53:01-07:00,6,29
Resume\index.html,20,html,b452fbe6,dsmfeg,2026-04-11,20:37:06,-07:00,2026-04-11T20:37:06-07:00,4,3
Resume\index.html,21,html,b452fbe6,dsmfeg,2026-04-11,20:37:06,-07:00,2026-04-11T20:37:06-07:00,4,2
Resume\index.html,22,html,b452fbe6,dsmfeg,2026-04-11,20:37:06,-07:00,2026-04-11T20:37:06-07:00,6,44
Resume\index.html,23,html,b452fbe6,dsmfeg,2026-04-11,20:37:06,-07:00,2026-04-11T20:37:06-07:00,4,3
Resume\index.html,24,html,bc224a01,dsmfeg,2026-04-18,21:53:01,-07:00,2026-04-18T21:53:01-07:00,2,8
Resume\index.html,25,html,b452fbe6,dsmfeg,2026-04-11,20:37:06,-07:00,2026-04-11T20:37:06-07:00,2,13
Resume\index.html,26,html,ced6f1aa,dsmfeg,2026-04-11,20:51:21,-07:00,2026-04-11T20:51:21-07:00,0,0
Resume\index.html,27,html,ced6f1aa,dsmfeg,2026-04-11,20:51:21,-07:00,2026-04-11T20:51:21-07:00,2,36
Resume\index.html,28,html,ced6f1aa,dsmfeg,2026-04-11,20:51:21,-07:00,2026-04-11T20:51:21-07:00,2,0
Resume\index.html,29,html,ced6f1aa,dsmfeg,2026-04-11,20:51:21,-07:00,2026-04-11T20:51:21-07:00,2,17
Resume\index.html,30,html,ced6f1aa,dsmfeg,2026-04-11,20:51:21,-07:00,2026-04-11T20:51:21-07:00,4,70
Resume\index.html,31,html,ced6f1aa,dsmfeg,2026-04-11,20:51:21,-07:00,2026-04-11T20:51:21-07:00,4,12
Resume\index.html,32,html,ced6f1aa,dsmfeg,2026-04-11,20:51:21,-07:00,2026-04-11T20:51:21-07:00,2,2
Resume\index.html,33,html,ced6f1aa,dsmfeg,2026-04-11,20:51:21,-07:00,2026-04-11T20:51:21-07:00,2,111
Resume\index.html,34,html,ced6f1aa,dsmfeg,2026-04-11,20:51:21,-07:00,2026-04-11T20:51:21-07:00,0,0
Resume\index.html,35,html,ced6f1aa,dsmfeg,2026-04-11,20:51:21,-07:00,2026-04-11T20:51:21-07:00,2,43
Resume\index.html,36,html,ced6f1aa,dsmfeg,2026-04-11,20:51:21,-07:00,2026-04-11T20:51:21-07:00,2,16
Resume\index.html,37,html,ced6f1aa,dsmfeg,2026-04-11,20:51:21,-07:00,2026-04-11T20:51:21-07:00,4,95
Resume\index.html,38,html,ced6f1aa,dsmfeg,2026-04-11,20:51:21,-07:00,2026-04-11T20:51:21-07:00,4,92
Resume\index.html,39,html,ced6f1aa,dsmfeg,2026-04-11,20:51:21,-07:00,2026-04-11T20:51:21-07:00,4,90
Resume\index.html,40,html,ced6f1aa,dsmfeg,2026-04-11,20:51:21,-07:00,2026-04-11T20:51:21-07:00,4,89
Resume\index.html,41,html,ced6f1aa,dsmfeg,2026-04-11,20:51:21,-07:00,2026-04-11T20:51:21-07:00,4,40
Resume\index.html,42,html,ced6f1aa,dsmfeg,2026-04-11,20:51:21,-07:00,2026-04-11T20:51:21-07:00,2,2
Resume\index.html,43,html,ced6f1aa,dsmfeg,2026-04-11,20:51:21,-07:00,2026-04-11T20:51:21-07:00,2,0
Resume\index.html,44,html,ced6f1aa,dsmfeg,2026-04-11,20:51:21,-07:00,2026-04-11T20:51:21-07:00,2,29
Resume\index.html,45,html,ced6f1aa,dsmfeg,2026-04-11,20:51:21,-07:00,2026-04-11T20:51:21-07:00,2,2
Resume\index.html,46,html,ced6f1aa,dsmfeg,2026-04-11,20:51:21,-07:00,2026-04-11T20:51:21-07:00,4,50
Resume\index.html,47,html,ced6f1aa,dsmfeg,2026-04-11,20:51:21,-07:00,2026-04-11T20:51:21-07:00,4,36
Resume\index.html,48,html,ced6f1aa,dsmfeg,2026-04-11,20:51:21,-07:00,2026-04-11T20:51:21-07:00,4,39
Resume\index.html,49,html,ced6f1aa,dsmfeg,2026-04-11,20:51:21,-07:00,2026-04-11T20:51:21-07:00,4,34
Resume\index.html,50,html,ced6f1aa,dsmfeg,2026-04-11,20:51:21,-07:00,2026-04-11T20:51:21-07:00,4,25
Resume\index.html,51,html,ced6f1aa,dsmfeg,2026-04-11,20:51:21,-07:00,2026-04-11T20:51:21-07:00,4,40
Resume\index.html,52,html,ced6f1aa,dsmfeg,2026-04-11,20:51:21,-07:00,2026-04-11T20:51:21-07:00,2,3
Resume\index.html,53,html,ced6f1aa,dsmfeg,2026-04-11,20:51:21,-07:00,2026-04-11T20:51:21-07:00,2,0
Resume\index.html,54,html,ced6f1aa,dsmfeg,2026-04-11,20:51:21,-07:00,2026-04-11T20:51:21-07:00,2,38
Resume\index.html,55,html,ced6f1aa,dsmfeg,2026-04-11,20:51:21,-07:00,2026-04-11T20:51:21-07:00,2,59
Resume\index.html,56,html,ced6f1aa,dsmfeg,2026-04-11,20:51:21,-07:00,2026-04-11T20:51:21-07:00,2,59
Resume\index.html,57,html,ced6f1aa,dsmfeg,2026-04-11,20:51:21,-07:00,2026-04-11T20:51:21-07:00,2,2
Resume\index.html,58,html,ced6f1aa,dsmfeg,2026-04-11,20:51:21,-07:00,2026-04-11T20:51:21-07:00,4,81
Resume\index.html,59,html,ced6f1aa,dsmfeg,2026-04-11,20:51:21,-07:00,2026-04-11T20:51:21-07:00,4,82
Resume\index.html,60,html,ced6f1aa,dsmfeg,2026-04-11,20:51:21,-07:00,2026-04-11T20:51:21-07:00,4,87
Resume\index.html,61,html,ced6f1aa,dsmfeg,2026-04-11,20:51:21,-07:00,2026-04-11T20:51:21-07:00,4,59
Resume\index.html,62,html,ced6f1aa,dsmfeg,2026-04-11,20:51:21,-07:00,2026-04-11T20:51:21-07:00,4,65
Resume\index.html,63,html,ced6f1aa,dsmfeg,2026-04-11,20:51:21,-07:00,2026-04-11T20:51:21-07:00,2,3
Resume\index.html,64,html,ced6f1aa,dsmfeg,2026-04-11,20:51:21,-07:00,2026-04-11T20:51:21-07:00,0,0
Resume\index.html,65,html,ced6f1aa,dsmfeg,2026-04-11,20:51:21,-07:00,2026-04-11T20:51:21-07:00,2,31
Resume\index.html,66,html,ced6f1aa,dsmfeg,2026-04-11,20:51:21,-07:00,2026-04-11T20:51:21-07:00,2,93
Resume\index.html,67,html,ced6f1aa,dsmfeg,2026-04-11,20:51:21,-07:00,2026-04-11T20:51:21-07:00,2,16
Resume\index.html,68,html,ced6f1aa,dsmfeg,2026-04-11,20:51:21,-07:00,2026-04-11T20:51:21-07:00,2,1
Resume\index.html,69,html,ced6f1aa,dsmfeg,2026-04-11,20:51:21,-07:00,2026-04-11T20:51:21-07:00,4,96
Resume\index.html,70,html,ced6f1aa,dsmfeg,2026-04-11,20:51:21,-07:00,2026-04-11T20:51:21-07:00,4,70
Resume\index.html,71,html,ced6f1aa,dsmfeg,2026-04-11,20:51:21,-07:00,2026-04-11T20:51:21-07:00,2,2
Resume\index.html,72,html,ced6f1aa,dsmfeg,2026-04-11,20:51:21,-07:00,2026-04-11T20:51:21-07:00,0,0
Resume\index.html,73,html,ced6f1aa,dsmfeg,2026-04-11,20:51:21,-07:00,2026-04-11T20:51:21-07:00,2,11
Resume\index.html,74,html,ced6f1aa,dsmfeg,2026-04-11,20:51:21,-07:00,2026-04-11T20:51:21-07:00,2,58
Resume\index.html,75,html,ced6f1aa,dsmfeg,2026-04-11,20:51:21,-07:00,2026-04-11T20:51:21-07:00,0,0
Resume\index.html,76,html,ced6f1aa,dsmfeg,2026-04-11,20:51:21,-07:00,2026-04-11T20:51:21-07:00,2,29
Resume\index.html,77,html,ced6f1aa,dsmfeg,2026-04-11,20:51:21,-07:00,2026-04-11T20:51:21-07:00,2,1
Resume\index.html,78,html,ced6f1aa,dsmfeg,2026-04-11,20:51:21,-07:00,2026-04-11T20:51:21-07:00,4,87
Resume\index.html,79,html,ced6f1aa,dsmfeg,2026-04-11,20:51:21,-07:00,2026-04-11T20:51:21-07:00,2,2
Resume\index.html,80,html,ced6f1aa,dsmfeg,2026-04-11,20:51:21,-07:00,2026-04-11T20:51:21-07:00,2,1
Resume\index.html,81,html,ced6f1aa,dsmfeg,2026-04-11,20:51:21,-07:00,2026-04-11T20:51:21-07:00,4,89
Resume\index.html,82,html,ced6f1aa,dsmfeg,2026-04-11,20:51:21,-07:00,2026-04-11T20:51:21-07:00,2,2
Resume\index.html,83,html,ced6f1aa,dsmfeg,2026-04-11,20:51:21,-07:00,2026-04-11T20:51:21-07:00,0,0
Resume\index.html,84,html,ced6f1aa,dsmfeg,2026-04-11,20:51:21,-07:00,2026-04-11T20:51:21-07:00,2,32
Resume\index.html,85,html,ced6f1aa,dsmfeg,2026-04-11,20:51:21,-07:00,2026-04-11T20:51:21-07:00,2,49
Resume\index.html,86,html,ced6f1aa,dsmfeg,2026-04-11,20:51:21,-07:00,2026-04-11T20:51:21-07:00,2,43
Resume\index.html,87,html,ced6f1aa,dsmfeg,2026-04-11,20:51:21,-07:00,2026-04-11T20:51:21-07:00,2,30
Resume\index.html,88,html,ced6f1aa,dsmfeg,2026-04-11,20:51:21,-07:00,2026-04-11T20:51:21-07:00,0,0
Resume\index.html,89,html,ced6f1aa,dsmfeg,2026-04-11,20:51:21,-07:00,2026-04-11T20:51:21-07:00,2,48
Resume\index.html,90,html,ced6f1aa,dsmfeg,2026-04-11,20:51:21,-07:00,2026-04-11T20:51:21-07:00,2,42
Resume\index.html,91,html,ced6f1aa,dsmfeg,2026-04-11,20:51:21,-07:00,2026-04-11T20:51:21-07:00,2,2
Resume\index.html,92,html,ced6f1aa,dsmfeg,2026-04-11,20:51:21,-07:00,2026-04-11T20:51:21-07:00,4,91
Resume\index.html,93,html,ced6f1aa,dsmfeg,2026-04-11,20:51:21,-07:00,2026-04-11T20:51:21-07:00,4,54
Resume\index.html,94,html,ced6f1aa,dsmfeg,2026-04-11,20:51:21,-07:00,2026-04-11T20:51:21-07:00,4,72
Resume\index.html,95,html,ced6f1aa,dsmfeg,2026-04-11,20:51:21,-07:00,2026-04-11T20:51:21-07:00,2,3
Resume\index.html,96,html,9d8cdaf3,dsmfeg,2026-04-03,23:06:43,-07:00,2026-04-03T23:06:43-07:00,0,5
Resume\index.html,97,html,9d8cdaf3,dsmfeg,2026-04-03,23:06:43,-07:00,2026-04-03T23:06:43-07:00,0,5
projects\projects.js,1,js,79ac3585,dsmfeg,2026-04-25,21:52:39,-07:00,2026-04-25T21:52:39-07:00,0,55
projects\projects.js,2,js,f806443c,dsmfeg,2026-05-01,23:41:19,-07:00,2026-05-01T23:41:19-07:00,0,63
projects\projects.js,3,js,f806443c,dsmfeg,2026-05-01,23:41:19,-07:00,2026-05-01T23:41:19-07:00,0,0
projects\projects.js,4,js,79ac3585,dsmfeg,2026-04-25,21:52:39,-07:00,2026-04-25T21:52:39-07:00,0,55
projects\projects.js,5,js,79ac3585,dsmfeg,2026-04-25,21:52:39,-07:00,2026-04-25T21:52:39-07:00,0,60
projects\projects.js,6,js,f806443c,dsmfeg,2026-05-01,23:41:19,-07:00,2026-05-01T23:41:19-07:00,0,48
projects\projects.js,7,js,f806443c,dsmfeg,2026-05-01,23:41:19,-07:00,2026-05-01T23:41:19-07:00,0,0
projects\projects.js,8,js,f806443c,dsmfeg,2026-05-01,23:41:19,-07:00,2026-05-01T23:41:19-07:00,0,14
projects\projects.js,9,js,f806443c,dsmfeg,2026-05-01,23:41:19,-07:00,2026-05-01T23:41:19-07:00,0,62
projects\projects.js,10,js,f806443c,dsmfeg,2026-05-01,23:41:19,-07:00,2026-05-01T23:41:19-07:00,0,58
projects\projects.js,11,js,f806443c,dsmfeg,2026-05-01,23:41:19,-07:00,2026-05-01T23:41:19-07:00,0,0
projects\projects.js,12,js,f806443c,dsmfeg,2026-05-01,23:41:19,-07:00,2026-05-01T23:41:19-07:00,0,17
projects\projects.js,13,js,f806443c,dsmfeg,2026-05-01,23:41:19,-07:00,2026-05-01T23:41:19-07:00,0,57
projects\projects.js,14,js,f806443c,dsmfeg,2026-05-01,23:41:19,-07:00,2026-05-01T23:41:19-07:00,0,50
projects\projects.js,15,js,f806443c,dsmfeg,2026-05-01,23:41:19,-07:00,2026-05-01T23:41:19-07:00,0,0
projects\projects.js,16,js,f806443c,dsmfeg,2026-05-01,23:41:19,-07:00,2026-05-01T23:41:19-07:00,0,47
projects\projects.js,17,js,f806443c,dsmfeg,2026-05-01,23:41:19,-07:00,2026-05-01T23:41:19-07:00,0,21
projects\projects.js,18,js,f806443c,dsmfeg,2026-05-01,23:41:19,-07:00,2026-05-01T23:41:19-07:00,0,0
projects\projects.js,19,js,f806443c,dsmfeg,2026-05-01,23:41:19,-07:00,2026-05-01T23:41:19-07:00,0,40
projects\projects.js,20,js,f806443c,dsmfeg,2026-05-01,23:41:19,-07:00,2026-05-01T23:41:19-07:00,0,38
projects\projects.js,21,js,f806443c,dsmfeg,2026-05-01,23:41:19,-07:00,2026-05-01T23:41:19-07:00,1,25
projects\projects.js,22,js,f806443c,dsmfeg,2026-05-01,23:41:19,-07:00,2026-05-01T23:41:19-07:00,1,29
projects\projects.js,23,js,f806443c,dsmfeg,2026-05-01,23:41:19,-07:00,2026-05-01T23:41:19-07:00,2,12
projects\projects.js,24,js,f806443c,dsmfeg,2026-05-01,23:41:19,-07:00,2026-05-01T23:41:19-07:00,2,14
projects\projects.js,25,js,f806443c,dsmfeg,2026-05-01,23:41:19,-07:00,2026-05-01T23:41:19-07:00,2,12
projects\projects.js,26,js,f806443c,dsmfeg,2026-05-01,23:41:19,-07:00,2026-05-01T23:41:19-07:00,1,0
projects\projects.js,27,js,f806443c,dsmfeg,2026-05-01,23:41:19,-07:00,2026-05-01T23:41:19-07:00,1,18
projects\projects.js,28,js,f806443c,dsmfeg,2026-05-01,23:41:19,-07:00,2026-05-01T23:41:19-07:00,1,50
projects\projects.js,29,js,f806443c,dsmfeg,2026-05-01,23:41:19,-07:00,2026-05-01T23:41:19-07:00,2,35
projects\projects.js,30,js,f806443c,dsmfeg,2026-05-01,23:41:19,-07:00,2026-05-01T23:41:19-07:00,1,1
projects\projects.js,31,js,f806443c,dsmfeg,2026-05-01,23:41:19,-07:00,2026-05-01T23:41:19-07:00,1,50
projects\projects.js,32,js,f806443c,dsmfeg,2026-05-01,23:41:19,-07:00,2026-05-01T23:41:19-07:00,1,53
projects\projects.js,33,js,f806443c,dsmfeg,2026-05-01,23:41:19,-07:00,2026-05-01T23:41:19-07:00,1,42
projects\projects.js,34,js,f806443c,dsmfeg,2026-05-01,23:41:19,-07:00,2026-05-01T23:41:19-07:00,1,51
projects\projects.js,35,js,f806443c,dsmfeg,2026-05-01,23:41:19,-07:00,2026-05-01T23:41:19-07:00,0,0
projects\projects.js,36,js,f806443c,dsmfeg,2026-05-01,23:41:19,-07:00,2026-05-01T23:41:19-07:00,1,27
projects\projects.js,37,js,f806443c,dsmfeg,2026-05-01,23:41:19,-07:00,2026-05-01T23:41:19-07:00,1,25
projects\projects.js,38,js,f806443c,dsmfeg,2026-05-01,23:41:19,-07:00,2026-05-01T23:41:19-07:00,1,29
projects\projects.js,39,js,f806443c,dsmfeg,2026-05-01,23:41:19,-07:00,2026-05-01T23:41:19-07:00,1,32
projects\projects.js,40,js,f806443c,dsmfeg,2026-05-01,23:41:19,-07:00,2026-05-01T23:41:19-07:00,1,30
projects\projects.js,41,js,f806443c,dsmfeg,2026-05-01,23:41:19,-07:00,2026-05-01T23:41:19-07:00,0,0
projects\projects.js,42,js,f806443c,dsmfeg,2026-05-01,23:41:19,-07:00,2026-05-01T23:41:19-07:00,1,53
projects\projects.js,43,js,f806443c,dsmfeg,2026-05-01,23:41:19,-07:00,2026-05-01T23:41:19-07:00,1,27
projects\projects.js,44,js,f806443c,dsmfeg,2026-05-01,23:41:19,-07:00,2026-05-01T23:41:19-07:00,2,1
projects\projects.js,45,js,f806443c,dsmfeg,2026-05-01,23:41:19,-07:00,2026-05-01T23:41:19-07:00,3,13
projects\projects.js,46,js,f806443c,dsmfeg,2026-05-01,23:41:19,-07:00,2026-05-01T23:41:19-07:00,3,13
projects\projects.js,47,js,f806443c,dsmfeg,2026-05-01,23:41:19,-07:00,2026-05-01T23:41:19-07:00,3,22
projects\projects.js,48,js,f806443c,dsmfeg,2026-05-01,23:41:19,-07:00,2026-05-01T23:41:19-07:00,3,18
projects\projects.js,49,js,f806443c,dsmfeg,2026-05-01,23:41:19,-07:00,2026-05-01T23:41:19-07:00,4,49
projects\projects.js,50,js,f806443c,dsmfeg,2026-05-01,23:41:19,-07:00,2026-05-01T23:41:19-07:00,4,43
projects\projects.js,51,js,f806443c,dsmfeg,2026-05-01,23:41:19,-07:00,2026-05-01T23:41:19-07:00,0,0
projects\projects.js,52,js,f806443c,dsmfeg,2026-05-01,23:41:19,-07:00,2026-05-01T23:41:19-07:00,4,1
projects\projects.js,53,js,f806443c,dsmfeg,2026-05-01,23:41:19,-07:00,2026-05-01T23:41:19-07:00,5,16
projects\projects.js,54,js,f806443c,dsmfeg,2026-05-01,23:41:19,-07:00,2026-05-01T23:41:19-07:00,5,26
projects\projects.js,55,js,f806443c,dsmfeg,2026-05-01,23:41:19,-07:00,2026-05-01T23:41:19-07:00,6,62
projects\projects.js,56,js,f806443c,dsmfeg,2026-05-01,23:41:19,-07:00,2026-05-01T23:41:19-07:00,6,37
projects\projects.js,57,js,f806443c,dsmfeg,2026-05-01,23:41:19,-07:00,2026-05-01T23:41:19-07:00,5,1
projects\projects.js,58,js,f806443c,dsmfeg,2026-05-01,23:41:19,-07:00,2026-05-01T23:41:19-07:00,0,0
projects\projects.js,59,js,f806443c,dsmfeg,2026-05-01,23:41:19,-07:00,2026-05-01T23:41:19-07:00,4,4
projects\projects.js,60,js,f806443c,dsmfeg,2026-05-01,23:41:19,-07:00,2026-05-01T23:41:19-07:00,5,14
projects\projects.js,61,js,f806443c,dsmfeg,2026-05-01,23:41:19,-07:00,2026-05-01T23:41:19-07:00,5,26
projects\projects.js,62,js,f806443c,dsmfeg,2026-05-01,23:41:19,-07:00,2026-05-01T23:41:19-07:00,6,59
projects\projects.js,63,js,f806443c,dsmfeg,2026-05-01,23:41:19,-07:00,2026-05-01T23:41:19-07:00,6,56
projects\projects.js,64,js,f806443c,dsmfeg,2026-05-01,23:41:19,-07:00,2026-05-01T23:41:19-07:00,5,1
projects\projects.js,65,js,f806443c,dsmfeg,2026-05-01,23:41:19,-07:00,2026-05-01T23:41:19-07:00,0,0
projects\projects.js,66,js,f806443c,dsmfeg,2026-05-01,23:41:19,-07:00,2026-05-01T23:41:19-07:00,4,25
projects\projects.js,67,js,f806443c,dsmfeg,2026-05-01,23:41:19,-07:00,2026-05-01T23:41:19-07:00,5,48
projects\projects.js,68,js,f806443c,dsmfeg,2026-05-01,23:41:19,-07:00,2026-05-01T23:41:19-07:00,4,6
projects\projects.js,69,js,f806443c,dsmfeg,2026-05-01,23:41:19,-07:00,2026-05-01T23:41:19-07:00,5,40
projects\projects.js,70,js,f806443c,dsmfeg,2026-05-01,23:41:19,-07:00,2026-05-01T23:41:19-07:00,5,31
projects\projects.js,71,js,f806443c,dsmfeg,2026-05-01,23:41:19,-07:00,2026-05-01T23:41:19-07:00,5,97
projects\projects.js,72,js,f806443c,dsmfeg,2026-05-01,23:41:19,-07:00,2026-05-01T23:41:19-07:00,5,56
projects\projects.js,73,js,f806443c,dsmfeg,2026-05-01,23:41:19,-07:00,2026-05-01T23:41:19-07:00,4,0
projects\projects.js,74,js,f806443c,dsmfeg,2026-05-01,23:41:19,-07:00,2026-05-01T23:41:19-07:00,3,1
projects\projects.js,75,js,f806443c,dsmfeg,2026-05-01,23:41:19,-07:00,2026-05-01T23:41:19-07:00,1,1
projects\projects.js,76,js,f806443c,dsmfeg,2026-05-01,23:41:19,-07:00,2026-05-01T23:41:19-07:00,0,0
projects\projects.js,77,js,f806443c,dsmfeg,2026-05-01,23:41:19,-07:00,2026-05-01T23:41:19-07:00,1,27
projects\projects.js,78,js,f806443c,dsmfeg,2026-05-01,23:41:19,-07:00,2026-05-01T23:41:19-07:00,2,4
projects\projects.js,79,js,f806443c,dsmfeg,2026-05-01,23:41:19,-07:00,2026-05-01T23:41:19-07:00,3,11
projects\projects.js,80,js,f806443c,dsmfeg,2026-05-01,23:41:19,-07:00,2026-05-01T23:41:19-07:00,3,25
projects\projects.js,81,js,f806443c,dsmfeg,2026-05-01,23:41:19,-07:00,2026-05-01T23:41:19-07:00,3,93
projects\projects.js,82,js,f806443c,dsmfeg,2026-05-01,23:41:19,-07:00,2026-05-01T23:41:19-07:00,3,99
projects\projects.js,83,js,f806443c,dsmfeg,2026-05-01,23:41:19,-07:00,2026-05-01T23:41:19-07:00,1,1
projects\projects.js,84,js,f806443c,dsmfeg,2026-05-01,23:41:19,-07:00,2026-05-01T23:41:19-07:00,0,0
projects\projects.js,85,js,f806443c,dsmfeg,2026-05-01,23:41:19,-07:00,2026-05-01T23:41:19-07:00,0,0
projects\projects.js,86,js,f806443c,dsmfeg,2026-05-01,23:41:19,-07:00,2026-05-01T23:41:19-07:00,0,32
projects\projects.js,87,js,f806443c,dsmfeg,2026-05-01,23:41:19,-07:00,2026-05-01T23:41:19-07:00,0,23
projects\projects.js,88,js,f806443c,dsmfeg,2026-05-01,23:41:19,-07:00,2026-05-01T23:41:19-07:00,0,0
projects\projects.js,89,js,f806443c,dsmfeg,2026-05-01,23:41:19,-07:00,2026-05-01T23:41:19-07:00,0,13
projects\projects.js,90,js,f806443c,dsmfeg,2026-05-01,23:41:19,-07:00,2026-05-01T23:41:19-07:00,0,53
projects\projects.js,91,js,f806443c,dsmfeg,2026-05-01,23:41:19,-07:00,2026-05-01T23:41:19-07:00,0,49
projects\projects.js,92,js,f806443c,dsmfeg,2026-05-01,23:41:19,-07:00,2026-05-01T23:41:19-07:00,1,19
projects\projects.js,93,js,f806443c,dsmfeg,2026-05-01,23:41:19,-07:00,2026-05-01T23:41:19-07:00,1,25
projects\projects.js,94,js,f806443c,dsmfeg,2026-05-01,23:41:19,-07:00,2026-05-01T23:41:19-07:00,1,16
projects\projects.js,95,js,f806443c,dsmfeg,2026-05-01,23:41:19,-07:00,2026-05-01T23:41:19-07:00,1,51
projects\projects.js,96,js,f806443c,dsmfeg,2026-05-01,23:41:19,-07:00,2026-05-01T23:41:19-07:00,2,59
projects\projects.js,97,js,f806443c,dsmfeg,2026-05-01,23:41:19,-07:00,2026-05-01T23:41:19-07:00,2,42
projects\projects.js,98,js,f806443c,dsmfeg,2026-05-01,23:41:19,-07:00,2026-05-01T23:41:19-07:00,1,1
projects\projects.js,99,js,f806443c,dsmfeg,2026-05-01,23:41:19,-07:00,2026-05-01T23:41:19-07:00,1,25
projects\projects.js,100,js,f806443c,dsmfeg,2026-05-01,23:41:19,-07:00,2026-05-01T23:41:19-07:00,1,56
projects\projects.js,101,js,f806443c,dsmfeg,2026-05-01,23:41:19,-07:00,2026-05-01T23:41:19-07:00,1,52
projects\projects.js,102,js,f806443c,dsmfeg,2026-05-01,23:41:19,-07:00,2026-05-01T23:41:19-07:00,1,31
projects\projects.js,103,js,f806443c,dsmfeg,2026-05-01,23:41:19,-07:00,2026-05-01T23:41:19-07:00,0,1
projects\index.html,1,html,9d8cdaf3,dsmfeg,2026-04-03,23:06:43,-07:00,2026-04-03T23:06:43-07:00,0,13
projects\index.html,2,html,9d8cdaf3,dsmfeg,2026-04-03,23:06:43,-07:00,2026-04-03T23:06:43-07:00,0,14
projects\index.html,3,html,9d8cdaf3,dsmfeg,2026-04-03,23:06:43,-07:00,2026-04-03T23:06:43-07:00,0,4
projects\index.html,4,html,9d8cdaf3,dsmfeg,2026-04-03,23:06:43,-07:00,2026-04-03T23:06:43-07:00,2,20
projects\index.html,5,html,9d8cdaf3,dsmfeg,2026-04-03,23:06:43,-07:00,2026-04-03T23:06:43-07:00,2,68
projects\index.html,6,html,b452fbe6,dsmfeg,2026-04-11,20:37:06,-07:00,2026-04-11T20:37:06-07:00,2,21
projects\index.html,7,html,b452fbe6,dsmfeg,2026-04-11,20:37:06,-07:00,2026-04-11T20:37:06-07:00,2,41
projects\index.html,8,html,bc224a01,dsmfeg,2026-04-18,21:53:01,-07:00,2026-04-18T21:53:01-07:00,2,48
projects\index.html,9,html,79ac3585,dsmfeg,2026-04-25,21:52:39,-07:00,2026-04-25T21:52:39-07:00,2,47
projects\index.html,10,html,9d8cdaf3,dsmfeg,2026-04-03,23:06:43,-07:00,2026-04-03T23:06:43-07:00,0,5
projects\index.html,11,html,9d8cdaf3,dsmfeg,2026-04-03,23:06:43,-07:00,2026-04-03T23:06:43-07:00,0,4
projects\index.html,12,html,f806443c,dsmfeg,2026-05-01,23:41:19,-07:00,2026-05-01T23:41:19-07:00,2,13
projects\index.html,13,html,f806443c,dsmfeg,2026-05-01,23:41:19,-07:00,2026-05-01T23:41:19-07:00,2,38
projects\index.html,14,html,f806443c,dsmfeg,2026-05-01,23:41:19,-07:00,2026-05-01T23:41:19-07:00,2,21
projects\index.html,15,html,f806443c,dsmfeg,2026-05-01,23:41:19,-07:00,2026-05-01T23:41:19-07:00,4,58
projects\index.html,16,html,f806443c,dsmfeg,2026-05-01,23:41:19,-07:00,2026-05-01T23:41:19-07:00,4,22
projects\index.html,17,html,b452fbe6,dsmfeg,2026-04-11,20:37:06,-07:00,2026-04-11T20:37:06-07:00,2,4
projects\index.html,18,html,f806443c,dsmfeg,2026-05-01,23:41:19,-07:00,2026-05-01T23:41:19-07:00,2,4
projects\index.html,19,html,f806443c,dsmfeg,2026-05-01,23:41:19,-07:00,2026-05-01T23:41:19-07:00,2,15
projects\index.html,20,html,f806443c,dsmfeg,2026-05-01,23:41:19,-07:00,2026-05-01T23:41:19-07:00,2,11
projects\index.html,21,html,f806443c,dsmfeg,2026-05-01,23:41:19,-07:00,2026-05-01T23:41:19-07:00,2,26
projects\index.html,22,html,f806443c,dsmfeg,2026-05-01,23:41:19,-07:00,2026-05-01T23:41:19-07:00,2,31
projects\index.html,23,html,f806443c,dsmfeg,2026-05-01,23:41:19,-07:00,2026-05-01T23:41:19-07:00,2,0
projects\index.html,24,html,f806443c,dsmfeg,2026-05-01,23:41:19,-07:00,2026-05-01T23:41:19-07:00,2,26
projects\index.html,25,html,9d8cdaf3,dsmfeg,2026-04-03,23:06:43,-07:00,2026-04-03T23:06:43-07:00,0,5
projects\index.html,26,html,9d8cdaf3,dsmfeg,2026-04-03,23:06:43,-07:00,2026-04-03T23:06:43-07:00,0,5
contact\index.html,1,html,9d8cdaf3,dsmfeg,2026-04-03,23:06:43,-07:00,2026-04-03T23:06:43-07:00,0,13
contact\index.html,2,html,9d8cdaf3,dsmfeg,2026-04-03,23:06:43,-07:00,2026-04-03T23:06:43-07:00,0,14
contact\index.html,3,html,9d8cdaf3,dsmfeg,2026-04-03,23:06:43,-07:00,2026-04-03T23:06:43-07:00,0,4
contact\index.html,4,html,9d8cdaf3,dsmfeg,2026-04-03,23:06:43,-07:00,2026-04-03T23:06:43-07:00,2,20
contact\index.html,5,html,9d8cdaf3,dsmfeg,2026-04-03,23:06:43,-07:00,2026-04-03T23:06:43-07:00,2,68
contact\index.html,6,html,b452fbe6,dsmfeg,2026-04-11,20:37:06,-07:00,2026-04-11T20:37:06-07:00,2,23
contact\index.html,7,html,b452fbe6,dsmfeg,2026-04-11,20:37:06,-07:00,2026-04-11T20:37:06-07:00,2,41
contact\index.html,8,html,bc224a01,dsmfeg,2026-04-18,21:53:01,-07:00,2026-04-18T21:53:01-07:00,2,48
contact\index.html,9,html,9d8cdaf3,dsmfeg,2026-04-03,23:06:43,-07:00,2026-04-03T23:06:43-07:00,0,5
contact\index.html,10,html,9d8cdaf3,dsmfeg,2026-04-03,23:06:43,-07:00,2026-04-03T23:06:43-07:00,0,4
contact\index.html,11,html,bc224a01,dsmfeg,2026-04-18,21:53:01,-07:00,2026-04-18T21:53:01-07:00,2,8
contact\index.html,12,html,b452fbe6,dsmfeg,2026-04-11,20:37:06,-07:00,2026-04-11T20:37:06-07:00,4,2
contact\index.html,13,html,b452fbe6,dsmfeg,2026-04-11,20:37:06,-07:00,2026-04-11T20:37:06-07:00,6,30
contact\index.html,14,html,b452fbe6,dsmfeg,2026-04-11,20:37:06,-07:00,2026-04-11T20:37:06-07:00,4,3
contact\index.html,15,html,b452fbe6,dsmfeg,2026-04-11,20:37:06,-07:00,2026-04-11T20:37:06-07:00,4,2
contact\index.html,16,html,b452fbe6,dsmfeg,2026-04-11,20:37:06,-07:00,2026-04-11T20:37:06-07:00,6,43
contact\index.html,17,html,b452fbe6,dsmfeg,2026-04-11,20:37:06,-07:00,2026-04-11T20:37:06-07:00,4,3
contact\index.html,18,html,b452fbe6,dsmfeg,2026-04-11,20:37:06,-07:00,2026-04-11T20:37:06-07:00,4,2
contact\index.html,19,html,b452fbe6,dsmfeg,2026-04-11,20:37:06,-07:00,2026-04-11T20:37:06-07:00,6,39
contact\index.html,20,html,b452fbe6,dsmfeg,2026-04-11,20:37:06,-07:00,2026-04-11T20:37:06-07:00,4,3
contact\index.html,21,html,b452fbe6,dsmfeg,2026-04-11,20:37:06,-07:00,2026-04-11T20:37:06-07:00,4,2
contact\index.html,22,html,bc224a01,dsmfeg,2026-04-18,21:53:01,-07:00,2026-04-18T21:53:01-07:00,6,33
contact\index.html,23,html,b452fbe6,dsmfeg,2026-04-11,20:37:06,-07:00,2026-04-11T20:37:06-07:00,4,3
contact\index.html,24,html,bc224a01,dsmfeg,2026-04-18,21:53:01,-07:00,2026-04-18T21:53:01-07:00,2,8
contact\index.html,25,html,b452fbe6,dsmfeg,2026-04-11,20:37:06,-07:00,2026-04-11T20:37:06-07:00,2,17
contact\index.html,26,html,9d8cdaf3,dsmfeg,2026-04-03,23:06:43,-07:00,2026-04-03T23:06:43-07:00,2,81
contact\index.html,27,html,9d8cdaf3,dsmfeg,2026-04-03,23:06:43,-07:00,2026-04-03T23:06:43-07:00,4,5
contact\index.html,28,html,9d8cdaf3,dsmfeg,2026-04-03,23:06:43,-07:00,2026-04-03T23:06:43-07:00,6,37
contact\index.html,29,html,9d8cdaf3,dsmfeg,2026-04-03,23:06:43,-07:00,2026-04-03T23:06:43-07:00,4,6
contact\index.html,30,html,9d8cdaf3,dsmfeg,2026-04-03,23:06:43,-07:00,2026-04-03T23:06:43-07:00,4,5
contact\index.html,31,html,9d8cdaf3,dsmfeg,2026-04-03,23:06:43,-07:00,2026-04-03T23:06:43-07:00,6,28
contact\index.html,32,html,9d8cdaf3,dsmfeg,2026-04-03,23:06:43,-07:00,2026-04-03T23:06:43-07:00,4,6
contact\index.html,33,html,9d8cdaf3,dsmfeg,2026-04-03,23:06:43,-07:00,2026-04-03T23:06:43-07:00,4,5
contact\index.html,34,html,9d8cdaf3,dsmfeg,2026-04-03,23:06:43,-07:00,2026-04-03T23:06:43-07:00,6,36
contact\index.html,35,html,9d8cdaf3,dsmfeg,2026-04-03,23:06:43,-07:00,2026-04-03T23:06:43-07:00,4,6
contact\index.html,36,html,9d8cdaf3,dsmfeg,2026-04-03,23:06:43,-07:00,2026-04-03T23:06:43-07:00,4,21
contact\index.html,37,html,9d8cdaf3,dsmfeg,2026-04-03,23:06:43,-07:00,2026-04-03T23:06:43-07:00,2,5
contact\index.html,38,html,9d8cdaf3,dsmfeg,2026-04-03,23:06:43,-07:00,2026-04-03T23:06:43-07:00,0,5
contact\index.html,39,html,9d8cdaf3,dsmfeg,2026-04-03,23:06:43,-07:00,2026-04-03T23:06:43-07:00,0,5
